DRIVER,LONG,LAT,DAY,DAY_CORRIGIDO,03:00:00,TRIP,ID,PR,H,M,S,TIME_ACUM,SPD_MPH,SPD_KMH,ACEL_MS2,HEADING,ALTITUDE_FT,VALID_TIME,TIMESTAMP_GPS,CPOOL,CPOOLING_CHECK,WSB,UMP_YN,UMP,PICK_UP,ACTION,GPS_FILE,CIDADE,BAIRRO,NOME_RUA,HIERARQUIA_CWB,HIERARQUIA_CTB,LIMITE_VEL
A,-49.269366,-25.436129, ,21/09/2022,,trip,Atrip,13:40:49,,,0,0,0.04,0.0720,0.0000,,, , , , , , , , , , , , , , , , ,
A,-49.269367,-25.436129, ,21/09/2022,,trip,Atrip,13:40:51,,,2,2,0.00,0.0000,-0.0100,,, , , , , , , , , , , , , , , , ,
A,-49.269368,-25.436129, ,21/09/2022,,trip,Atrip,13:40:52,,,1,3,0.00,0.0000,0.0000,,, , , , , , , , , , , , , , , , ,
A,-49.269369,-25.436129, ,21/09/2022,,trip,Atrip,13:40:53,,,1,4,0.11,0.1800,0.0500,,, , , , , , , , , , , , , , , , ,
A,-49.269370,-25.436129, ,21/09/2022,,trip,Atrip,13:40:54,,,1,5,0.02,0.0360,-0.0400,,, , , , , , , , , , , , , , , , ,
A,-49.269337,-25.436118, ,21/09/2022,,trip,Atrip,13:40:55,,,1,6,0.02,0.0360,0.0000,,, , , , , , , , , , , , , , , , ,
A,-49.269316,-25.436110, ,21/09/2022,,trip,Atrip,13:40:56,,,1,7,0.04,0.0720,0.0100,,, , , , , , , , , , , , , , , , ,
A,-49.269306,-25.436104, ,21/09/2022,,trip,Atrip,13:40:57,,,1,8,0.09,0.1440,0.0200,,, , , , , , , , , , , , , , , , ,
A,-49.269298,-25.436097, ,21/09/2022,,trip,Atrip,13:40:58,,,1,9,0.36,0.5760,0.1200,,, , , , , , , , , , , , , , , , ,
A,-49.269293,-25.436090, ,21/09/2022,,trip,Atrip,13:40:59,,,1,10,0.45,0.7200,0.0400,,, , , , , , , , , , , , , , , , ,
A,-49.269290,-25.436085, ,21/09/2022,,trip,Atrip,13:41:00,,,1,11,0.56,0.9000,0.0500,,, , , , , , , , , , , , , , , , ,
A,-49.269299,-25.436087, ,21/09/2022,,trip,Atrip,13:41:01,,,1,12,0.00,0.0000,-0.2500,,, , , , , , , , , , , , , , , , ,
A,-49.269302,-25.436087, ,21/09/2022,,trip,Atrip,13:41:02,,,1,13,0.00,0.0000,0.0000,,, , , , , , , , , , , , , , , , ,
A,-49.269301,-25.436084, ,21/09/2022,,trip,Atrip,13:41:03,,,1,14,0.00,0.0000,0.0000,,, , , , , , , , , , , , , , , , ,
A,-49.269300,-25.436082, ,21/09/2022,,trip,Atrip,13:41:04,,,1,15,0.00,0.0000,0.0000,,, , , , , , , , , , , , , , , , ,
A,-49.269299,-25.436080, ,21/09/2022,,trip,Atrip,13:41:05,,,1,16,0.00,0.0000,0.0000,,, , , , , , , , , , , , , , , , ,
A,-49.269304,-25.436074, ,21/09/2022,,trip,Atrip,13:41:06,,,1,17,1.63,2.6280,0.7300,,, , , , , , , , , , , , , , , , ,
A,-49.269307,-25.436065, ,21/09/2022,,trip,Atrip,13:41:07,,,1,18,2.39,3.8520,0.3400,,, , , , , , , , , , , , , , , , ,
A,-49.269313,-25.436049, ,21/09/2022,,trip,Atrip,13:41:08,,,1,19,4.68,7.5240,1.0200,,, , , , , , , , , , , , , , , , ,
A,-49.269321,-25.436025, ,21/09/2022,,trip,Atrip,13:41:09,,,1,20,6.04,9.7200,0.6100,,, , , , , , , , , , , , , , , , ,
A,-49.269332,-25.435996, ,21/09/2022,,trip,Atrip,13:41:10,,,1,21,7.16,11.5200,0.5000,,, , , , , , , , , , , , , , , , ,
A,-49.269350,-25.435961, ,21/09/2022,,trip,Atrip,13:41:11,,,1,22,9.35,15.0480,0.9800,,, , , , , , , , , , , , , , , , ,
A,-49.269379,-25.435911, ,21/09/2022,,trip,Atrip,13:41:12,,,1,23,13.58,21.8520,1.8900,,, , , , , , , , , , , , , , , , ,
A,-49.269411,-25.435858, ,21/09/2022,,trip,Atrip,13:41:13,,,1,24,14.81,23.8320,0.5500,,, , , , , , , , , , , , , , , , ,
A,-49.269438,-25.435806, ,21/09/2022,,trip,Atrip,13:41:14,,,1,25,13.72,22.0680,-0.4900,,, , , , , , , , , , , , , , , , ,
A,-49.269461,-25.435756, ,21/09/2022,,trip,Atrip,13:41:15,,,1,26,13.00,20.9160,-0.3200,,, , , , , , , , , , , , , , , , ,
A,-49.269485,-25.435710, ,21/09/2022,,trip,Atrip,13:41:16,,,1,27,11.61,18.6840,-0.6200,,, , , , , , , , , , , , , , , , ,
A,-49.269507,-25.435673, ,21/09/2022,,trip,Atrip,13:41:17,,,1,28,9.37,15.0840,-1.0000,,, , , , , , , , , , , , , , , , ,
A,-49.269522,-25.435640, ,21/09/2022,,trip,Atrip,13:41:18,,,1,29,8.19,13.1760,-0.5300,,, , , , , , , , , , , , , , , , ,
A,-49.269533,-25.435609, ,21/09/2022,,trip,Atrip,13:41:19,,,1,30,7.67,12.3480,-0.2300,,, , , , , , , , , , , , , , , , ,
A,-49.269548,-25.435581, ,21/09/2022,,trip,Atrip,13:41:20,,,1,31,7.03,11.3040,-0.2900,,, , , , , , , , , , , , , , , , ,
A,-49.269557,-25.435560, ,21/09/2022,,trip,Atrip,13:41:21,,,1,32,4.07,6.5520,-1.3200,,, , , , , , , , , , , , , , , , ,
A,-49.269558,-25.435550, ,21/09/2022,,trip,Atrip,13:41:22,,,1,33,1.19,1.9080,-1.2900,,, , , , , , , , , , , , , , , , ,
A,-49.269560,-25.435549, ,21/09/2022,,trip,Atrip,13:41:23,,,1,34,0.00,0.0000,-0.5300,,, , , , , , , , , , , , , , , , ,
A,-49.269561,-25.435548, ,21/09/2022,,trip,Atrip,13:41:24,,,1,35,0.00,0.0000,0.0000,,, , , , , , , , , , , , , , , , ,
A,-49.269560,-25.435547, ,21/09/2022,,trip,Atrip,13:41:25,,,1,36,0.00,0.0000,0.0000,,, , , , , , , , , , , , , , , , ,
A,-49.269559,-25.435547, ,21/09/2022,,trip,Atrip,13:41:26,,,1,37,0.00,0.0000,0.0000,,, , , , , , , , , , , , , , , , ,
A,-49.269556,-25.435546, ,21/09/2022,,trip,Atrip,13:41:27,,,1,38,0.00,0.0000,0.0000,,, , , , , , , , , , , , , , , , ,
A,-49.269554,-25.435546, ,21/09/2022,,trip,Atrip,13:41:28,,,1,39,0.00,0.0000,0.0000,,, , , , , , , , , , , , , , , , ,
A,-49.269551,-25.435545, ,21/09/2022,,trip,Atrip,13:41:29,,,1,40,0.00,0.0000,0.0000,,, , , , , , , , , , , , , , , , ,
A,-49.269549,-25.435545, ,21/09/2022,,trip,Atrip,13:41:30,,,1,41,0.00,0.0000,0.0000,,, , , , , , , , , , , , , , , , ,
A,-49.269549,-25.435544, ,21/09/2022,,trip,Atrip,13:41:31,,,1,42,0.00,0.0000,0.0000,,, , , , , , , , , , , , , , , , ,
A,-49.269549,-25.435544, ,21/09/2022,,trip,Atrip,13:41:32,,,1,43,0.00,0.0000,0.0000,,, , , , , , , , , , , , , , , , ,
A,-49.269551,-25.435544, ,21/09/2022,,trip,Atrip,13:41:33,,,1,44,0.00,0.0000,0.0000,,, , , , , , , , , , , , , , , , ,
A,-49.269552,-25.435543, ,21/09/2022,,trip,Atrip,13:41:34,,,1,45,0.00,0.0000,0.0000,,, , , , , , , , , , , , , , , , ,
A,-49.269553,-25.435542, ,21/09/2022,,trip,Atrip,13:41:35,,,1,46,0.00,0.0000,0.0000,,, , , , , , , , , , , , , , , , ,
A,-49.269556,-25.435542, ,21/09/2022,,trip,Atrip,13:41:36,,,1,47,0.00,0.0000,0.0000,,, , , , , , , , , , , , , , , , ,
A,-49.269559,-25.435541, ,21/09/2022,,trip,Atrip,13:41:37,,,1,48,0.00,0.0000,0.0000,,, , , , , , , , , , , , , , , , ,
A,-49.269562,-25.435541, ,21/09/2022,,trip,Atrip,13:41:38,,,1,49,0.00,0.0000,0.0000,,, , , , , , , , , , , , , , , , ,
A,-49.269565,-25.435540, ,21/09/2022,,trip,Atrip,13:41:39,,,1,50,0.00,0.0000,0.0000,,, , , , , , , , , , , , , , , , ,
A,-49.269569,-25.435539, ,21/09/2022,,trip,Atrip,13:41:40,,,1,51,0.00,0.0000,0.0000,,, , , , , , , , , , , , , , , , ,
A,-49.269573,-25.435539, ,21/09/2022,,trip,Atrip,13:41:41,,,1,52,0.00,0.0000,0.0000,,, , , , , , , , , , , , , , , , ,
A,-49.269577,-25.435538, ,21/09/2022,,trip,Atrip,13:41:42,,,1,53,0.00,0.0000,0.0000,,, , , , , , , , , , , , , , , , ,
A,-49.269580,-25.435538, ,21/09/2022,,trip,Atrip,13:41:43,,,1,54,0.00,0.0000,0.0000,,, , , , , , , , , , , , , , , , ,
A,-49.269583,-25.435537, ,21/09/2022,,trip,Atrip,13:41:44,,,1,55,0.00,0.0000,0.0000,,, , , , , , , , , , , , , , , , ,
A,-49.269590,-25.435537, ,21/09/2022,,trip,Atrip,13:41:45,,,1,56,0.00,0.0000,0.0000,,, , , , , , , , , , , , , , , , ,
A,-49.269595,-25.435538, ,21/09/2022,,trip,Atrip,13:41:46,,,1,57,0.00,0.0000,0.0000,,, , , , , , , , , , , , , , , , ,
A,-49.269601,-25.435538, ,21/09/2022,,trip,Atrip,13:41:47,,,1,58,0.00,0.0000,0.0000,,, , , , , , , , , , , , , , , , ,
A,-49.269606,-25.435537, ,21/09/2022,,trip,Atrip,13:41:48,,,1,59,0.00,0.0000,0.0000,,, , , , , , , , , , , , , , , , ,
A,-49.269610,-25.435537, ,21/09/2022,,trip,Atrip,13:41:49,,,1,60,0.00,0.0000,0.0000,,, , , , , , , , , , , , , , , , ,
A,-49.269613,-25.435536, ,21/09/2022,,trip,Atrip,13:41:50,,,1,61,0.00,0.0000,0.0000,,, , , , , , , , , , , , , , , , ,
A,-49.269616,-25.435536, ,21/09/2022,,trip,Atrip,13:41:51,,,1,62,0.00,0.0000,0.0000,,, , , , , , , , , , , , , , , , ,
A,-49.269619,-25.435535, ,21/09/2022,,trip,Atrip,13:41:52,,,1,63,0.00,0.0000,0.0000,,, , , , , , , , , , , , , , , , ,
A,-49.269621,-25.435534, ,21/09/2022,,trip,Atrip,13:41:53,,,1,64,0.00,0.0000,0.0000,,, , , , , , , , , , , , , , , , ,
A,-49.269622,-25.435532, ,21/09/2022,,trip,Atrip,13:41:54,,,1,65,0.00,0.0000,0.0000,,, , , , , , , , , , , , , , , , ,
A,-49.269623,-25.435531, ,21/09/2022,,trip,Atrip,13:41:55,,,1,66,0.00,0.0000,0.0000,,, , , , , , , , , , , , , , , , ,
A,-49.269624,-25.435530, ,21/09/2022,,trip,Atrip,13:41:56,,,1,67,0.00,0.0000,0.0000,,, , , , , , , , , , , , , , , , ,
A,-49.269626,-25.435529, ,21/09/2022,,trip,Atrip,13:41:57,,,1,68,0.00,0.0000,0.0000,,, , , , , , , , , , , , , , , , ,
A,-49.269628,-25.435528, ,21/09/2022,,trip,Atrip,13:41:58,,,1,69,0.00,0.0000,0.0000,,, , , , , , , , , , , , , , , , ,
A,-49.269629,-25.435528, ,21/09/2022,,trip,Atrip,13:41:59,,,1,70,0.00,0.0000,0.0000,,, , , , , , , , , , , , , , , , ,
A,-49.269630,-25.435527, ,21/09/2022,,trip,Atrip,13:42:00,,,1,71,0.00,0.0000,0.0000,,, , , , , , , , , , , , , , , , ,
A,-49.269633,-25.435526, ,21/09/2022,,trip,Atrip,13:42:01,,,1,72,0.00,0.0000,0.0000,,, , , , , , , , , , , , , , , , ,
A,-49.269635,-25.435526, ,21/09/2022,,trip,Atrip,13:42:02,,,1,73,0.00,0.0000,0.0000,,, , , , , , , , , , , , , , , , ,
A,-49.269637,-25.435525, ,21/09/2022,,trip,Atrip,13:42:03,,,1,74,0.00,0.0000,0.0000,,, , , , , , , , , , , , , , , , ,
A,-49.269639,-25.435524, ,21/09/2022,,trip,Atrip,13:42:04,,,1,75,0.00,0.0000,0.0000,,, , , , , , , , , , , , , , , , ,
A,-49.269642,-25.435524, ,21/09/2022,,trip,Atrip,13:42:05,,,1,76,0.00,0.0000,0.0000,,, , , , , , , , , , , , , , , , ,
A,-49.269645,-25.435523, ,21/09/2022,,trip,Atrip,13:42:06,,,1,77,0.00,0.0000,0.0000,,, , , , , , , , , , , , , , , , ,
A,-49.269647,-25.435523, ,21/09/2022,,trip,Atrip,13:42:07,,,1,78,0.00,0.0000,0.0000,,, , , , , , , , , , , , , , , , ,
A,-49.269649,-25.435523, ,21/09/2022,,trip,Atrip,13:42:08,,,1,79,0.00,0.0000,0.0000,,, , , , , , , , , , , , , , , , ,
A,-49.269652,-25.435523, ,21/09/2022,,trip,Atrip,13:42:09,,,1,80,0.00,0.0000,0.0000,,, , , , , , , , , , , , , , , , ,
A,-49.269655,-25.435523, ,21/09/2022,,trip,Atrip,13:42:10,,,1,81,0.00,0.0000,0.0000,,, , , , , , , , , , , , , , , , ,
A,-49.269657,-25.435522, ,21/09/2022,,trip,Atrip,13:42:11,,,1,82,0.00,0.0000,0.0000,,, , , , , , , , , , , , , , , , ,
A,-49.269659,-25.435522, ,21/09/2022,,trip,Atrip,13:42:12,,,1,83,0.00,0.0000,0.0000,,, , , , , , , , , , , , , , , , ,
A,-49.269661,-25.435522, ,21/09/2022,,trip,Atrip,13:42:13,,,1,84,0.00,0.0000,0.0000,,, , , , , , , , , , , , , , , , ,
A,-49.269663,-25.435521, ,21/09/2022,,trip,Atrip,13:42:14,,,1,85,0.00,0.0000,0.0000,,, , , , , , , , , , , , , , , , ,
A,-49.269666,-25.435521, ,21/09/2022,,trip,Atrip,13:42:15,,,1,86,0.00,0.0000,0.0000,,, , , , , , , , , , , , , , , , ,
A,-49.269668,-25.435521, ,21/09/2022,,trip,Atrip,13:42:16,,,1,87,0.00,0.0000,0.0000,,, , , , , , , , , , , , , , , , ,
A,-49.269670,-25.435521, ,21/09/2022,,trip,Atrip,13:42:17,,,1,88,0.00,0.0000,0.0000,,, , , , , , , , , , , , , , , , ,
A,-49.269672,-25.435520, ,21/09/2022,,trip,Atrip,13:42:18,,,1,89,0.00,0.0000,0.0000,,, , , , , , , , , , , , , , , , ,
A,-49.269678,-25.435509, ,21/09/2022,,trip,Atrip,13:42:19,,,1,90,3.71,5.9760,1.6600,,, , , , , , , , , , , , , , , , ,
A,-49.269691,-25.435490, ,21/09/2022,,trip,Atrip,13:42:20,,,1,91,6.73,10.8360,1.3500,,, , , , , , , , , , , , , , , , ,
A,-49.269708,-25.435460, ,21/09/2022,,trip,Atrip,13:42:21,,,1,92,9.42,15.1560,1.2000,,, , , , , , , , , , , , , , , , ,
A,-49.269727,-25.435422, ,21/09/2022,,trip,Atrip,13:42:22,,,1,93,10.96,17.6400,0.6900,,, , , , , , , , , , , , , , , , ,
A,-49.269749,-25.435382, ,21/09/2022,,trip,Atrip,13:42:23,,,1,94,11.16,17.9640,0.0900,,, , , , , , , , , , , , , , , , ,
A,-49.269770,-25.435344, ,21/09/2022,,trip,Atrip,13:42:24,,,1,95,10.29,16.5600,-0.3900,,, , , , , , , , , , , , , , , , ,
A,-49.269789,-25.435305, ,21/09/2022,,trip,Atrip,13:42:25,,,1,96,10.22,16.4520,-0.0300,,, , , , , , , , , , , , , , , , ,
A,-49.269793,-25.435265, ,21/09/2022,,trip,Atrip,13:42:26,,,1,97,10.25,16.4880,0.0100,,, , , , , , , , , , , , , , , , ,
A,-49.269774,-25.435226, ,21/09/2022,,trip,Atrip,13:42:27,,,1,98,11.88,19.1160,0.7300,,, , , , , , , , , , , , , , , , ,
A,-49.269728,-25.435194, ,21/09/2022,,trip,Atrip,13:42:28,,,1,99,15.01,24.1560,1.4000,,, , , , , , , , , , , , , , , , ,
A,-49.269663,-25.435168, ,21/09/2022,,trip,Atrip,13:42:29,,,1,100,17.79,28.6200,1.2400,,, , , , , , , , , , , , , , , , ,
A,-49.269583,-25.435143, ,21/09/2022,,trip,Atrip,13:42:30,,,1,101,20.38,32.7960,1.1600,,, , , , , , , , , , , , , , , , ,
A,-49.269496,-25.435115, ,21/09/2022,,trip,Atrip,13:42:31,,,1,102,21.90,35.2440,0.6800,,, , , , , , , , , , , , , , , , ,
A,-49.269404,-25.435081, ,21/09/2022,,trip,Atrip,13:42:32,,,1,103,23.09,37.1520,0.5300,,, , , , , , , , , , , , , , , , ,
A,-49.269314,-25.435046, ,21/09/2022,,trip,Atrip,13:42:33,,,1,104,21.90,35.2440,-0.5300,,, , , , , , , , , , , , , , , , ,
A,-49.269228,-25.435013, ,21/09/2022,,trip,Atrip,13:42:34,,,1,105,20.76,33.4080,-0.5100,,, , , , , , , , , , , , , , , , ,
A,-49.269152,-25.434981, ,21/09/2022,,trip,Atrip,13:42:35,,,1,106,17.61,28.3320,-1.4100,,, , , , , , , , , , , , , , , , ,
A,-49.269091,-25.434955, ,21/09/2022,,trip,Atrip,13:42:36,,,1,107,13.85,22.2840,-1.6800,,, , , , , , , , , , , , , , , , ,
A,-49.269043,-25.434938, ,21/09/2022,,trip,Atrip,13:42:37,,,1,108,9.62,15.4800,-1.8900,,, , , , , , , , , , , , , , , , ,
A,-49.269012,-25.434930, ,21/09/2022,,trip,Atrip,13:42:38,,,1,109,5.06,8.1360,-2.0400,,, , , , , , , , , , , , , , , , ,
A,-49.269000,-25.434929, ,21/09/2022,,trip,Atrip,13:42:39,,,1,110,1.48,2.3760,-1.6000,,, , , , , , , , , , , , , , , , ,
A,-49.268998,-25.434929, ,21/09/2022,,trip,Atrip,13:42:40,,,1,111,0.00,0.0000,-0.6600,,, , , , , , , , , , , , , , , , ,
A,-49.268997,-25.434929, ,21/09/2022,,trip,Atrip,13:42:41,,,1,112,0.00,0.0000,0.0000,,, , , , , , , , , , , , , , , , ,
A,-49.268996,-25.434930, ,21/09/2022,,trip,Atrip,13:42:42,,,1,113,0.00,0.0000,0.0000,,, , , , , , , , , , , , , , , , ,
A,-49.268994,-25.434931, ,21/09/2022,,trip,Atrip,13:42:43,,,1,114,0.00,0.0000,0.0000,,, , , , , , , , , , , , , , , , ,
A,-49.268993,-25.434933, ,21/09/2022,,trip,Atrip,13:42:44,,,1,115,0.00,0.0000,0.0000,,, , , , , , , , , , , , , , , , ,
A,-49.268990,-25.434935, ,21/09/2022,,trip,Atrip,13:42:45,,,1,116,0.00,0.0000,0.0000,,, , , , , , , , , , , , , , , , ,
A,-49.268988,-25.434936, ,21/09/2022,,trip,Atrip,13:42:46,,,1,117,0.00,0.0000,0.0000,,, , , , , , , , , , , , , , , , ,
A,-49.268986,-25.434938, ,21/09/2022,,trip,Atrip,13:42:47,,,1,118,0.00,0.0000,0.0000,,, , , , , , , , , , , , , , , , ,
A,-49.268984,-25.434938, ,21/09/2022,,trip,Atrip,13:42:48,,,1,119,0.00,0.0000,0.0000,,, , , , , , , , , , , , , , , , ,
A,-49.268982,-25.434938, ,21/09/2022,,trip,Atrip,13:42:49,,,1,120,0.00,0.0000,0.0000,,, , , , , , , , , , , , , , , , ,
A,-49.268980,-25.434939, ,21/09/2022,,trip,Atrip,13:42:50,,,1,121,0.00,0.0000,0.0000,,, , , , , , , , , , , , , , , , ,
A,-49.268978,-25.434939, ,21/09/2022,,trip,Atrip,13:42:51,,,1,122,0.00,0.0000,0.0000,,, , , , , , , , , , , , , , , , ,
A,-49.268977,-25.434940, ,21/09/2022,,trip,Atrip,13:42:52,,,1,123,0.00,0.0000,0.0000,,, , , , , , , , , , , , , , , , ,
A,-49.268975,-25.434940, ,21/09/2022,,trip,Atrip,13:42:53,,,1,124,0.00,0.0000,0.0000,,, , , , , , , , , , , , , , , , ,
A,-49.268974,-25.434941, ,21/09/2022,,trip,Atrip,13:42:54,,,1,125,0.00,0.0000,0.0000,,, , , , , , , , , , , , , , , , ,
A,-49.268973,-25.434942, ,21/09/2022,,trip,Atrip,13:42:55,,,1,126,0.00,0.0000,0.0000,,, , , , , , , , , , , , , , , , ,
A,-49.268973,-25.434943, ,21/09/2022,,trip,Atrip,13:42:56,,,1,127,0.00,0.0000,0.0000,,, , , , , , , , , , , , , , , , ,
A,-49.268973,-25.434944, ,21/09/2022,,trip,Atrip,13:42:57,,,1,128,0.00,0.0000,0.0000,,, , , , , , , , , , , , , , , , ,
A,-49.268973,-25.434945, ,21/09/2022,,trip,Atrip,13:42:58,,,1,129,0.00,0.0000,0.0000,,, , , , , , , , , , , , , , , , ,
A,-49.268973,-25.434946, ,21/09/2022,,trip,Atrip,13:42:59,,,1,130,0.00,0.0000,0.0000,,, , , , , , , , , , , , , , , , ,
A,-49.268974,-25.434947, ,21/09/2022,,trip,Atrip,13:43:00,,,1,131,0.00,0.0000,0.0000,,, , , , , , , , , , , , , , , , ,
A,-49.268973,-25.434947, ,21/09/2022,,trip,Atrip,13:43:01,,,1,132,0.00,0.0000,0.0000,,, , , , , , , , , , , , , , , , ,
A,-49.268974,-25.434947, ,21/09/2022,,trip,Atrip,13:43:02,,,1,133,0.00,0.0000,0.0000,,, , , , , , , , , , , , , , , , ,
A,-49.268974,-25.434946, ,21/09/2022,,trip,Atrip,13:43:03,,,1,134,0.00,0.0000,0.0000,,, , , , , , , , , , , , , , , , ,
A,-49.268974,-25.434946, ,21/09/2022,,trip,Atrip,13:43:04,,,1,135,0.00,0.0000,0.0000,,, , , , , , , , , , , , , , , , ,
A,-49.268973,-25.434946, ,21/09/2022,,trip,Atrip,13:43:05,,,1,136,0.00,0.0000,0.0000,,, , , , , , , , , , , , , , , , ,
A,-49.268973,-25.434945, ,21/09/2022,,trip,Atrip,13:43:06,,,1,137,0.00,0.0000,0.0000,,, , , , , , , , , , , , , , , , ,
A,-49.268973,-25.434945, ,21/09/2022,,trip,Atrip,13:43:07,,,1,138,0.00,0.0000,0.0000,,, , , , , , , , , , , , , , , , ,
A,-49.268972,-25.434945, ,21/09/2022,,trip,Atrip,13:43:08,,,1,139,0.00,0.0000,0.0000,,, , , , , , , , , , , , , , , , ,
A,-49.268971,-25.434945, ,21/09/2022,,trip,Atrip,13:43:09,,,1,140,0.00,0.0000,0.0000,,, , , , , , , , , , , , , , , , ,
A,-49.268971,-25.434945, ,21/09/2022,,trip,Atrip,13:43:10,,,1,141,0.00,0.0000,0.0000,,, , , , , , , , , , , , , , , , ,
A,-49.268970,-25.434945, ,21/09/2022,,trip,Atrip,13:43:11,,,1,142,0.00,0.0000,0.0000,,, , , , , , , , , , , , , , , , ,
A,-49.268970,-25.434946, ,21/09/2022,,trip,Atrip,13:43:12,,,1,143,0.00,0.0000,0.0000,,, , , , , , , , , , , , , , , , ,
A,-49.268969,-25.434946, ,21/09/2022,,trip,Atrip,13:43:13,,,1,144,0.00,0.0000,0.0000,,, , , , , , , , , , , , , , , , ,
A,-49.268968,-25.434946, ,21/09/2022,,trip,Atrip,13:43:14,,,1,145,0.00,0.0000,0.0000,,, , , , , , , , , , , , , , , , ,
A,-49.268968,-25.434946, ,21/09/2022,,trip,Atrip,13:43:15,,,1,146,0.00,0.0000,0.0000,,, , , , , , , , , , , , , , , , ,
A,-49.268961,-25.434943, ,21/09/2022,,trip,Atrip,13:43:16,,,1,147,1.95,3.1320,0.8700,,, , , , , , , , , , , , , , , , ,
A,-49.268947,-25.434937, ,21/09/2022,,trip,Atrip,13:43:17,,,1,148,4.68,7.5240,1.2200,,, , , , , , , , , , , , , , , , ,
A,-49.268922,-25.434924, ,21/09/2022,,trip,Atrip,13:43:18,,,1,149,8.21,13.2120,1.5800,,, , , , , , , , , , , , , , , , ,
A,-49.268880,-25.434905, ,21/09/2022,,trip,Atrip,13:43:19,,,1,150,12.42,19.9800,1.8800,,, , , , , , , , , , , , , , , , ,
A,-49.268822,-25.434882, ,21/09/2022,,trip,Atrip,13:43:20,,,1,151,15.42,24.8040,1.3400,,, , , , , , , , , , , , , , , , ,
A,-49.268756,-25.434856, ,21/09/2022,,trip,Atrip,13:43:21,,,1,152,16.44,26.4600,0.4600,,, , , , , , , , , , , , , , , , ,
A,-49.268684,-25.434828, ,21/09/2022,,trip,Atrip,13:43:22,,,1,153,18.19,29.2680,0.7800,,, , , , , , , , , , , , , , , , ,
A,-49.268606,-25.434795, ,21/09/2022,,trip,Atrip,13:43:23,,,1,154,19.76,31.7880,0.7000,,, , , , , , , , , , , , , , , , ,
A,-49.268523,-25.434761, ,21/09/2022,,trip,Atrip,13:43:24,,,1,155,21.03,33.8400,0.5700,,, , , , , , , , , , , , , , , , ,
A,-49.268436,-25.434725, ,21/09/2022,,trip,Atrip,13:43:25,,,1,156,21.59,34.7400,0.2500,,, , , , , , , , , , , , , , , , ,
A,-49.268349,-25.434689, ,21/09/2022,,trip,Atrip,13:43:26,,,1,157,21.59,34.7400,0.0000,,, , , , , , , , , , , , , , , , ,
A,-49.268261,-25.434651, ,21/09/2022,,trip,Atrip,13:43:27,,,1,158,21.21,34.1280,-0.1700,,, , , , , , , , , , , , , , , , ,
A,-49.268177,-25.434616, ,21/09/2022,,trip,Atrip,13:43:28,,,1,159,20.43,32.8680,-0.3500,,, , , , , , , , , , , , , , , , ,
A,-49.268094,-25.434580, ,21/09/2022,,trip,Atrip,13:43:29,,,1,160,20.14,32.4000,-0.1300,,, , , , , , , , , , , , , , , , ,
A,-49.267933,-25.434510, ,21/09/2022,,trip,Atrip,13:43:31,,,2,162,19.98,32.1480,-0.0350,,, , , , , , , , , , , , , , , , ,
A,-49.267933,-25.434510, ,21/09/2022,,trip,Atrip,13:43:31,,,0,162,19.98,32.1480,-0.0350,,, , , , , , , , , , , , , , , , ,
A,-49.267853,-25.434476, ,21/09/2022,,trip,Atrip,13:43:32,,,1,163,20.00,32.1840,0.0100,,, , , , , , , , , , , , , , , , ,
A,-49.267774,-25.434442, ,21/09/2022,,trip,Atrip,13:43:33,,,1,164,20.11,32.3640,0.0500,,, , , , , , , , , , , , , , , , ,
A,-49.267609,-25.434371, ,21/09/2022,,trip,Atrip,13:43:35,,,2,166,20.88,33.5880,0.1700,,, , , , , , , , , , , , , , , , ,
A,-49.267609,-25.434371, ,21/09/2022,,trip,Atrip,13:43:35,,,0,166,20.88,33.5880,0.1700,,, , , , , , , , , , , , , , , , ,
A,-49.267528,-25.434335, ,21/09/2022,,trip,Atrip,13:43:36,,,1,167,20.11,32.3640,-0.3400,,, , , , , , , , , , , , , , , , ,
A,-49.267451,-25.434301, ,21/09/2022,,trip,Atrip,13:43:37,,,1,168,19.40,31.2120,-0.3200,,, , , , , , , , , , , , , , , , ,
A,-49.267298,-25.434233, ,21/09/2022,,trip,Atrip,13:43:39,,,2,170,19.71,31.7160,0.0700,,, , , , , , , , , , , , , , , , ,
A,-49.267219,-25.434198, ,21/09/2022,,trip,Atrip,13:43:40,,,1,171,20.45,32.9040,0.3300,,, , , , , , , , , , , , , , , , ,
A,-49.267219,-25.434198, ,21/09/2022,,trip,Atrip,13:43:40,,,0,171,20.45,32.9040,0.3300,,, , , , , , , , , , , , , , , , ,
A,-49.267063,-25.434132, ,21/09/2022,,trip,Atrip,13:43:42,,,2,173,19.31,31.0680,-0.2550,,, , , , , , , , , , , , , , , , ,
A,-49.266984,-25.434101, ,21/09/2022,,trip,Atrip,13:43:43,,,1,174,19.47,31.3200,0.0700,,, , , , , , , , , , , , , , , , ,
A,-49.266903,-25.434069, ,21/09/2022,,trip,Atrip,13:43:44,,,1,175,19.94,32.0760,0.2100,,, , , , , , , , , , , , , , , , ,
A,-49.266903,-25.434069, ,21/09/2022,,trip,Atrip,13:43:44,,,0,175,19.94,32.0760,0.2100,,, , , , , , , , , , , , , , , , ,
A,-49.266738,-25.434009, ,21/09/2022,,trip,Atrip,13:43:46,,,2,177,19.91,32.0400,-0.0050,,, , , , , , , , , , , , , , , , ,
A,-49.266653,-25.433978, ,21/09/2022,,trip,Atrip,13:43:47,,,1,178,20.02,32.2200,0.0500,,, , , , , , , , , , , , , , , , ,
A,-49.266572,-25.433947, ,21/09/2022,,trip,Atrip,13:43:48,,,1,179,19.67,31.6440,-0.1600,,, , , , , , , , , , , , , , , , ,
A,-49.266572,-25.433947, ,21/09/2022,,trip,Atrip,13:43:48,,,0,179,19.67,31.6440,-0.1600,,, , , , , , , , , , , , , , , , ,
A,-49.266412,-25.433884, ,21/09/2022,,trip,Atrip,13:43:50,,,2,181,18.97,30.5280,-0.1550,,, , , , , , , , , , , , , , , , ,
A,-49.266335,-25.433853, ,21/09/2022,,trip,Atrip,13:43:51,,,1,182,18.97,30.5280,0.0000,,, , , , , , , , , , , , , , , , ,
A,-49.266255,-25.433823, ,21/09/2022,,trip,Atrip,13:43:52,,,1,183,19.26,30.9960,0.1300,,, , , , , , , , , , , , , , , , ,
A,-49.266255,-25.433823, ,21/09/2022,,trip,Atrip,13:43:52,,,0,183,19.26,30.9960,0.1300,,, , , , , , , , , , , , , , , , ,
A,-49.266089,-25.433758, ,21/09/2022,,trip,Atrip,13:43:54,,,2,185,21.21,34.1280,0.4350,,, , , , , , , , , , , , , , , , ,
A,-49.266002,-25.433724, ,21/09/2022,,trip,Atrip,13:43:55,,,1,186,21.57,34.7040,0.1600,,, , , , , , , , , , , , , , , , ,
A,-49.265915,-25.433691, ,21/09/2022,,trip,Atrip,13:43:56,,,1,187,21.34,34.3440,-0.1000,,, , , , , , , , , , , , , , , , ,
A,-49.265915,-25.433691, ,21/09/2022,,trip,Atrip,13:43:56,,,0,187,21.34,34.3440,-0.1000,,, , , , , , , , , , , , , , , , ,
A,-49.265741,-25.433622, ,21/09/2022,,trip,Atrip,13:43:58,,,2,189,21.05,33.8760,-0.0650,,, , , , , , , , , , , , , , , , ,
A,-49.265657,-25.433588, ,21/09/2022,,trip,Atrip,13:43:59,,,1,190,20.54,33.0480,-0.2300,,, , , , , , , , , , , , , , , , ,
A,-49.265575,-25.433556, ,21/09/2022,,trip,Atrip,13:44:00,,,1,191,19.80,31.8600,-0.3300,,, , , , , , , , , , , , , , , , ,
A,-49.265495,-25.433524, ,21/09/2022,,trip,Atrip,13:44:01,,,1,192,19.78,31.8240,-0.0100,,, , , , , , , , , , , , , , , , ,
A,-49.265414,-25.433491, ,21/09/2022,,trip,Atrip,13:44:02,,,1,193,20.23,32.5440,0.2000,,, , , , , , , , , , , , , , , , ,
A,-49.265334,-25.433457, ,21/09/2022,,trip,Atrip,13:44:03,,,1,194,19.42,31.2480,-0.3600,,, , , , , , , , , , , , , , , , ,
A,-49.265255,-25.433426, ,21/09/2022,,trip,Atrip,13:44:04,,,1,195,19.53,31.4280,0.0500,,, , , , , , , , , , , , , , , , ,
A,-49.265176,-25.433394, ,21/09/2022,,trip,Atrip,13:44:05,,,1,196,19.60,31.5360,0.0300,,, , , , , , , , , , , , , , , , ,
A,-49.265093,-25.433363, ,21/09/2022,,trip,Atrip,13:44:06,,,1,197,20.38,32.7960,0.3500,,, , , , , , , , , , , , , , , , ,
A,-49.265013,-25.433332, ,21/09/2022,,trip,Atrip,13:44:07,,,1,198,19.29,31.0320,-0.4900,,, , , , , , , , , , , , , , , , ,
A,-49.265013,-25.433332, ,21/09/2022,,trip,Atrip,13:44:07,,,0,198,19.29,31.0320,-0.4900,,, , , , , , , , , , , , , , , , ,
A,-49.264857,-25.433270, ,21/09/2022,,trip,Atrip,13:44:09,,,2,200,18.97,30.5280,-0.0700,,, , , , , , , , , , , , , , , , ,
A,-49.264783,-25.433241, ,21/09/2022,,trip,Atrip,13:44:10,,,1,201,17.68,28.4400,-0.5800,,, , , , , , , , , , , , , , , , ,
A,-49.264714,-25.433213, ,21/09/2022,,trip,Atrip,13:44:11,,,1,202,16.47,26.4960,-0.5400,,, , , , , , , , , , , , , , , , ,
A,-49.264714,-25.433213, ,21/09/2022,,trip,Atrip,13:44:11,,,0,202,16.47,26.4960,-0.5400,,, , , , , , , , , , , , , , , , ,
A,-49.264587,-25.433160, ,21/09/2022,,trip,Atrip,13:44:13,,,2,204,15.12,24.3360,-0.3000,,, , , , , , , , , , , , , , , , ,
A,-49.264522,-25.433134, ,21/09/2022,,trip,Atrip,13:44:14,,,1,205,16.85,27.1080,0.7700,,, , , , , , , , , , , , , , , , ,
A,-49.264455,-25.433106, ,21/09/2022,,trip,Atrip,13:44:15,,,1,206,16.27,26.1720,-0.2600,,, , , , , , , , , , , , , , , , ,
A,-49.264393,-25.433080, ,21/09/2022,,trip,Atrip,13:44:16,,,1,207,14.95,24.0480,-0.5900,,, , , , , , , , , , , , , , , , ,
A,-49.264334,-25.433056, ,21/09/2022,,trip,Atrip,13:44:17,,,1,208,14.16,22.7880,-0.3500,,, , , , , , , , , , , , , , , , ,
A,-49.264280,-25.433033, ,21/09/2022,,trip,Atrip,13:44:18,,,1,209,12.89,20.7360,-0.5700,,, , , , , , , , , , , , , , , , ,
A,-49.264232,-25.433012, ,21/09/2022,,trip,Atrip,13:44:19,,,1,210,11.25,18.1080,-0.7300,,, , , , , , , , , , , , , , , , ,
A,-49.264192,-25.432995, ,21/09/2022,,trip,Atrip,13:44:20,,,1,211,8.70,14.0040,-1.1400,,, , , , , , , , , , , , , , , , ,
A,-49.264160,-25.432982, ,21/09/2022,,trip,Atrip,13:44:21,,,1,212,6.96,11.1960,-0.7800,,, , , , , , , , , , , , , , , , ,
A,-49.264134,-25.432971, ,21/09/2022,,trip,Atrip,13:44:22,,,1,213,5.41,8.7120,-0.6900,,, , , , , , , , , , , , , , , , ,
A,-49.264115,-25.432963, ,21/09/2022,,trip,Atrip,13:44:23,,,1,214,3.98,6.4080,-0.6400,,, , , , , , , , , , , , , , , , ,
A,-49.264105,-25.432959, ,21/09/2022,,trip,Atrip,13:44:24,,,1,215,0.87,1.4040,-1.3900,,, , , , , , , , , , , , , , , , ,
A,-49.264104,-25.432959, ,21/09/2022,,trip,Atrip,13:44:25,,,1,216,0.00,0.0000,-0.3900,,, , , , , , , , , , , , , , , , ,
A,-49.264103,-25.432959, ,21/09/2022,,trip,Atrip,13:44:26,,,1,217,0.00,0.0000,0.0000,,, , , , , , , , , , , , , , , , ,
A,-49.264103,-25.432959, ,21/09/2022,,trip,Atrip,13:44:27,,,1,218,0.00,0.0000,0.0000,,, , , , , , , , , , , , , , , , ,
A,-49.264102,-25.432959, ,21/09/2022,,trip,Atrip,13:44:28,,,1,219,0.00,0.0000,0.0000,,, , , , , , , , , , , , , , , , ,
A,-49.264102,-25.432959, ,21/09/2022,,trip,Atrip,13:44:29,,,1,220,0.00,0.0000,0.0000,,, , , , , , , , , , , , , , , , ,
A,-49.264101,-25.432959, ,21/09/2022,,trip,Atrip,13:44:30,,,1,221,0.00,0.0000,0.0000,,, , , , , , , , , , , , , , , , ,
A,-49.264100,-25.432958, ,21/09/2022,,trip,Atrip,13:44:31,,,1,222,0.00,0.0000,0.0000,,, , , , , , , , , , , , , , , , ,
A,-49.264100,-25.432958, ,21/09/2022,,trip,Atrip,13:44:32,,,1,223,0.00,0.0000,0.0000,,, , , , , , , , , , , , , , , , ,
A,-49.264099,-25.432958, ,21/09/2022,,trip,Atrip,13:44:33,,,1,224,0.00,0.0000,0.0000,,, , , , , , , , , , , , , , , , ,
A,-49.264099,-25.432958, ,21/09/2022,,trip,Atrip,13:44:34,,,1,225,0.00,0.0000,0.0000,,, , , , , , , , , , , , , , , , ,
A,-49.264099,-25.432957, ,21/09/2022,,trip,Atrip,13:44:35,,,1,226,0.00,0.0000,0.0000,,, , , , , , , , , , , , , , , , ,
A,-49.264098,-25.432957, ,21/09/2022,,trip,Atrip,13:44:36,,,1,227,0.00,0.0000,0.0000,,, , , , , , , , , , , , , , , , ,
A,-49.264098,-25.432957, ,21/09/2022,,trip,Atrip,13:44:37,,,1,228,0.00,0.0000,0.0000,,, , , , , , , , , , , , , , , , ,
A,-49.264098,-25.432956, ,21/09/2022,,trip,Atrip,13:44:38,,,1,229,0.00,0.0000,0.0000,,, , , , , , , , , , , , , , , , ,
A,-49.264098,-25.432956, ,21/09/2022,,trip,Atrip,13:44:39,,,1,230,0.00,0.0000,0.0000,,, , , , , , , , , , , , , , , , ,
A,-49.264098,-25.432956, ,21/09/2022,,trip,Atrip,13:44:40,,,1,231,0.00,0.0000,0.0000,,, , , , , , , , , , , , , , , , ,
A,-49.264098,-25.432956, ,21/09/2022,,trip,Atrip,13:44:41,,,1,232,0.00,0.0000,0.0000,,, , , , , , , , , , , , , , , , ,
A,-49.264098,-25.432956, ,21/09/2022,,trip,Atrip,13:44:42,,,1,233,0.00,0.0000,0.0000,,, , , , , , , , , , , , , , , , ,
A,-49.264098,-25.432956, ,21/09/2022,,trip,Atrip,13:44:43,,,1,234,0.00,0.0000,0.0000,,, , , , , , , , , , , , , , , , ,
A,-49.264098,-25.432955, ,21/09/2022,,trip,Atrip,13:44:44,,,1,235,0.00,0.0000,0.0000,,, , , , , , , , , , , , , , , , ,
A,-49.264098,-25.432955, ,21/09/2022,,trip,Atrip,13:44:45,,,1,236,0.00,0.0000,0.0000,,, , , , , , , , , , , , , , , , ,
A,-49.264098,-25.432955, ,21/09/2022,,trip,Atrip,13:44:46,,,1,237,0.00,0.0000,0.0000,,, , , , , , , , , , , , , , , , ,
A,-49.264099,-25.432955, ,21/09/2022,,trip,Atrip,13:44:47,,,1,238,0.00,0.0000,0.0000,,, , , , , , , , , , , , , , , , ,
A,-49.264099,-25.432955, ,21/09/2022,,trip,Atrip,13:44:48,,,1,239,0.00,0.0000,0.0000,,, , , , , , , , , , , , , , , , ,
A,-49.264099,-25.432955, ,21/09/2022,,trip,Atrip,13:44:49,,,1,240,0.00,0.0000,0.0000,,, , , , , , , , , , , , , , , , ,
A,-49.264099,-25.432954, ,21/09/2022,,trip,Atrip,13:44:50,,,1,241,0.00,0.0000,0.0000,,, , , , , , , , , , , , , , , , ,
A,-49.264089,-25.432950, ,21/09/2022,,trip,Atrip,13:44:51,,,1,242,2.82,4.5360,1.2600,,, , , , , , , , , , , , , , , , ,
A,-49.264072,-25.432942, ,21/09/2022,,trip,Atrip,13:44:52,,,1,243,5.79,9.3240,1.3300,,, , , , , , , , , , , , , , , , ,
A,-49.264039,-25.432928, ,21/09/2022,,trip,Atrip,13:44:53,,,1,244,9.78,15.7320,1.7800,,, , , , , , , , , , , , , , , , ,
A,-49.263993,-25.432909, ,21/09/2022,,trip,Atrip,13:44:54,,,1,245,12.66,20.3760,1.2900,,, , , , , , , , , , , , , , , , ,
A,-49.263937,-25.432885, ,21/09/2022,,trip,Atrip,13:44:55,,,1,246,14.99,24.1200,1.0400,,, , , , , , , , , , , , , , , , ,
A,-49.263873,-25.432857, ,21/09/2022,,trip,Atrip,13:44:56,,,1,247,16.51,26.5680,0.6800,,, , , , , , , , , , , , , , , , ,
A,-49.263805,-25.432827, ,21/09/2022,,trip,Atrip,13:44:57,,,1,248,17.79,28.6200,0.5700,,, , , , , , , , , , , , , , , , ,
A,-49.263729,-25.432794, ,21/09/2022,,trip,Atrip,13:44:58,,,1,249,19.67,31.6440,0.8400,,, , , , , , , , , , , , , , , , ,
A,-49.263646,-25.432758, ,21/09/2022,,trip,Atrip,13:44:59,,,1,250,21.41,34.4520,0.7800,,, , , , , , , , , , , , , , , , ,
A,-49.263559,-25.432721, ,21/09/2022,,trip,Atrip,13:45:00,,,1,251,21.93,35.2800,0.2300,,, , , , , , , , , , , , , , , , ,
A,-49.263470,-25.432683, ,21/09/2022,,trip,Atrip,13:45:01,,,1,252,22.31,35.8920,0.1700,,, , , , , , , , , , , , , , , , ,
A,-49.263383,-25.432648, ,21/09/2022,,trip,Atrip,13:45:02,,,1,253,20.11,32.3640,-0.9800,,, , , , , , , , , , , , , , , , ,
A,-49.263308,-25.432618, ,21/09/2022,,trip,Atrip,13:45:03,,,1,254,16.83,27.0720,-1.4700,,, , , , , , , , , , , , , , , , ,
A,-49.263247,-25.432593, ,21/09/2022,,trip,Atrip,13:45:04,,,1,255,13.20,21.2400,-1.6200,,, , , , , , , , , , , , , , , , ,
A,-49.263193,-25.432569, ,21/09/2022,,trip,Atrip,13:45:05,,,1,256,12.80,20.5920,-0.1800,,, , , , , , , , , , , , , , , , ,
A,-49.263138,-25.432545, ,21/09/2022,,trip,Atrip,13:45:06,,,1,257,14.39,23.1480,0.7100,,, , , , , , , , , , , , , , , , ,
A,-49.263079,-25.432520, ,21/09/2022,,trip,Atrip,13:45:07,,,1,258,14.50,23.3280,0.0500,,, , , , , , , , , , , , , , , , ,
A,-49.263016,-25.432494, ,21/09/2022,,trip,Atrip,13:45:08,,,1,259,16.42,26.4240,0.8600,,, , , , , , , , , , , , , , , , ,
A,-49.262946,-25.432467, ,21/09/2022,,trip,Atrip,13:45:09,,,1,260,17.79,28.6200,0.6100,,, , , , , , , , , , , , , , , , ,
A,-49.262875,-25.432437, ,21/09/2022,,trip,Atrip,13:45:10,,,1,261,16.96,27.2880,-0.3700,,, , , , , , , , , , , , , , , , ,
A,-49.262812,-25.432410, ,21/09/2022,,trip,Atrip,13:45:11,,,1,262,14.05,22.6080,-1.3000,,, , , , , , , , , , , , , , , , ,
A,-49.262759,-25.432395, ,21/09/2022,,trip,Atrip,13:45:12,,,1,263,11.14,17.9280,-1.3000,,, , , , , , , , , , , , , , , , ,
A,-49.262709,-25.432396, ,21/09/2022,,trip,Atrip,13:45:13,,,1,264,10.78,17.3520,-0.1600,,, , , , , , , , , , , , , , , , ,
A,-49.262662,-25.432421, ,21/09/2022,,trip,Atrip,13:45:14,,,1,265,13.92,22.3920,1.4000,,, , , , , , , , , , , , , , , , ,
A,-49.262622,-25.432472, ,21/09/2022,,trip,Atrip,13:45:15,,,1,266,16.47,26.4960,1.1400,,, , , , , , , , , , , , , , , , ,
A,-49.262595,-25.432540, ,21/09/2022,,trip,Atrip,13:45:16,,,1,267,19.24,30.9600,1.2400,,, , , , , , , , , , , , , , , , ,
A,-49.262565,-25.432620, ,21/09/2022,,trip,Atrip,13:45:17,,,1,268,22.06,35.4960,1.2600,,, , , , , , , , , , , , , , , , ,
A,-49.262528,-25.432708, ,21/09/2022,,trip,Atrip,13:45:18,,,1,269,24.52,39.4560,1.1000,,, , , , , , , , , , , , , , , , ,
A,-49.262487,-25.432803, ,21/09/2022,,trip,Atrip,13:45:19,,,1,270,25.44,40.9320,0.4100,,, , , , , , , , , , , , , , , , ,
A,-49.262448,-25.432896, ,21/09/2022,,trip,Atrip,13:45:20,,,1,271,23.87,38.4120,-0.7000,,, , , , , , , , , , , , , , , , ,
A,-49.262410,-25.432984, ,21/09/2022,,trip,Atrip,13:45:21,,,1,272,23.34,37.5480,-0.2400,,, , , , , , , , , , , , , , , , ,
A,-49.262371,-25.433076, ,21/09/2022,,trip,Atrip,13:45:22,,,1,273,24.48,39.3840,0.5100,,, , , , , , , , , , , , , , , , ,
A,-49.262331,-25.433171, ,21/09/2022,,trip,Atrip,13:45:23,,,1,274,25.80,41.5080,0.5900,,, , , , , , , , , , , , , , , , ,
A,-49.262289,-25.433269, ,21/09/2022,,trip,Atrip,13:45:24,,,1,275,25.75,41.4360,-0.0200,,, , , , , , , , , , , , , , , , ,
A,-49.262249,-25.433363, ,21/09/2022,,trip,Atrip,13:45:25,,,1,276,24.32,39.1320,-0.6400,,, , , , , , , , , , , , , , , , ,
A,-49.262211,-25.433453, ,21/09/2022,,trip,Atrip,13:45:26,,,1,277,23.29,37.4760,-0.4600,,, , , , , , , , , , , , , , , , ,
A,-49.262176,-25.433539, ,21/09/2022,,trip,Atrip,13:45:27,,,1,278,22.37,36.0000,-0.4100,,, , , , , , , , , , , , , , , , ,
A,-49.262142,-25.433620, ,21/09/2022,,trip,Atrip,13:45:28,,,1,279,20.16,32.4360,-0.9900,,, , , , , , , , , , , , , , , , ,
A,-49.262114,-25.433684, ,21/09/2022,,trip,Atrip,13:45:29,,,1,280,14.83,23.8680,-2.3800,,, , , , , , , , , , , , , , , , ,
A,-49.262094,-25.433731, ,21/09/2022,,trip,Atrip,13:45:30,,,1,281,10.02,16.1280,-2.1500,,, , , , , , , , , , , , , , , , ,
A,-49.262082,-25.433759, ,21/09/2022,,trip,Atrip,13:45:31,,,1,282,4.94,7.9560,-2.2700,,, , , , , , , , , , , , , , , , ,
A,-49.262076,-25.433768, ,21/09/2022,,trip,Atrip,13:45:32,,,1,283,0.27,0.4320,-2.0900,,, , , , , , , , , , , , , , , , ,
A,-49.262077,-25.433769, ,21/09/2022,,trip,Atrip,13:45:33,,,1,284,0.00,0.0000,-0.1200,,, , , , , , , , , , , , , , , , ,
A,-49.262077,-25.433769, ,21/09/2022,,trip,Atrip,13:45:34,,,1,285,0.00,0.0000,0.0000,,, , , , , , , , , , , , , , , , ,
A,-49.262078,-25.433770, ,21/09/2022,,trip,Atrip,13:45:35,,,1,286,0.00,0.0000,0.0000,,, , , , , , , , , , , , , , , , ,
A,-49.262078,-25.433771, ,21/09/2022,,trip,Atrip,13:45:36,,,1,287,0.00,0.0000,0.0000,,, , , , , , , , , , , , , , , , ,
A,-49.262078,-25.433772, ,21/09/2022,,trip,Atrip,13:45:37,,,1,288,0.00,0.0000,0.0000,,, , , , , , , , , , , , , , , , ,
A,-49.262079,-25.433773, ,21/09/2022,,trip,Atrip,13:45:38,,,1,289,0.00,0.0000,0.0000,,, , , , , , , , , , , , , , , , ,
A,-49.262079,-25.433773, ,21/09/2022,,trip,Atrip,13:45:39,,,1,290,0.00,0.0000,0.0000,,, , , , , , , , , , , , , , , , ,
A,-49.262080,-25.433774, ,21/09/2022,,trip,Atrip,13:45:40,,,1,291,0.00,0.0000,0.0000,,, , , , , , , , , , , , , , , , ,
A,-49.262081,-25.433775, ,21/09/2022,,trip,Atrip,13:45:41,,,1,292,0.00,0.0000,0.0000,,, , , , , , , , , , , , , , , , ,
A,-49.262081,-25.433776, ,21/09/2022,,trip,Atrip,13:45:42,,,1,293,0.00,0.0000,0.0000,,, , , , , , , , , , , , , , , , ,
A,-49.262082,-25.433776, ,21/09/2022,,trip,Atrip,13:45:43,,,1,294,0.00,0.0000,0.0000,,, , , , , , , , , , , , , , , , ,
A,-49.262082,-25.433777, ,21/09/2022,,trip,Atrip,13:45:44,,,1,295,0.00,0.0000,0.0000,,, , , , , , , , , , , , , , , , ,
A,-49.262083,-25.433777, ,21/09/2022,,trip,Atrip,13:45:45,,,1,296,0.00,0.0000,0.0000,,, , , , , , , , , , , , , , , , ,
A,-49.262083,-25.433778, ,21/09/2022,,trip,Atrip,13:45:46,,,1,297,0.00,0.0000,0.0000,,, , , , , , , , , , , , , , , , ,
A,-49.262084,-25.433778, ,21/09/2022,,trip,Atrip,13:45:47,,,1,298,0.00,0.0000,0.0000,,, , , , , , , , , , , , , , , , ,
A,-49.262084,-25.433779, ,21/09/2022,,trip,Atrip,13:45:48,,,1,299,0.00,0.0000,0.0000,,, , , , , , , , , , , , , , , , ,
A,-49.262085,-25.433779, ,21/09/2022,,trip,Atrip,13:45:49,,,1,300,0.00,0.0000,0.0000,,, , , , , , , , , , , , , , , , ,
A,-49.262086,-25.433780, ,21/09/2022,,trip,Atrip,13:45:50,,,1,301,0.00,0.0000,0.0000,,, , , , , , , , , , , , , , , , ,
A,-49.262086,-25.433780, ,21/09/2022,,trip,Atrip,13:45:51,,,1,302,0.00,0.0000,0.0000,,, , , , , , , , , , , , , , , , ,
A,-49.262086,-25.433780, ,21/09/2022,,trip,Atrip,13:45:52,,,1,303,0.00,0.0000,0.0000,,, , , , , , , , , , , , , , , , ,
A,-49.262086,-25.433780, ,21/09/2022,,trip,Atrip,13:45:53,,,1,304,0.00,0.0000,0.0000,,, , , , , , , , , , , , , , , , ,
A,-49.262086,-25.433780, ,21/09/2022,,trip,Atrip,13:45:54,,,1,305,0.00,0.0000,0.0000,,, , , , , , , , , , , , , , , , ,
A,-49.262086,-25.433781, ,21/09/2022,,trip,Atrip,13:45:55,,,1,306,0.00,0.0000,0.0000,,, , , , , , , , , , , , , , , , ,
A,-49.262086,-25.433781, ,21/09/2022,,trip,Atrip,13:45:56,,,1,307,0.00,0.0000,0.0000,,, , , , , , , , , , , , , , , , ,
A,-49.262087,-25.433782, ,21/09/2022,,trip,Atrip,13:45:57,,,1,308,0.00,0.0000,0.0000,,, , , , , , , , , , , , , , , , ,
A,-49.262087,-25.433782, ,21/09/2022,,trip,Atrip,13:45:58,,,1,309,0.00,0.0000,0.0000,,, , , , , , , , , , , , , , , , ,
A,-49.262087,-25.433782, ,21/09/2022,,trip,Atrip,13:45:59,,,1,310,0.00,0.0000,0.0000,,, , , , , , , , , , , , , , , , ,
A,-49.262087,-25.433782, ,21/09/2022,,trip,Atrip,13:46:00,,,1,311,0.00,0.0000,0.0000,,, , , , , , , , , , , , , , , , ,
A,-49.262088,-25.433782, ,21/09/2022,,trip,Atrip,13:46:01,,,1,312,0.00,0.0000,0.0000,,, , , , , , , , , , , , , , , , ,
A,-49.262088,-25.433782, ,21/09/2022,,trip,Atrip,13:46:02,,,1,313,0.00,0.0000,0.0000,,, , , , , , , , , , , , , , , , ,
A,-49.262088,-25.433782, ,21/09/2022,,trip,Atrip,13:46:03,,,1,314,0.00,0.0000,0.0000,,, , , , , , , , , , , , , , , , ,
A,-49.262089,-25.433782, ,21/09/2022,,trip,Atrip,13:46:04,,,1,315,0.00,0.0000,0.0000,,, , , , , , , , , , , , , , , , ,
A,-49.262090,-25.433782, ,21/09/2022,,trip,Atrip,13:46:05,,,1,316,0.00,0.0000,0.0000,,, , , , , , , , , , , , , , , , ,
A,-49.262091,-25.433782, ,21/09/2022,,trip,Atrip,13:46:06,,,1,317,0.00,0.0000,0.0000,,, , , , , , , , , , , , , , , , ,
A,-49.262091,-25.433782, ,21/09/2022,,trip,Atrip,13:46:07,,,1,318,0.00,0.0000,0.0000,,, , , , , , , , , , , , , , , , ,
A,-49.262091,-25.433782, ,21/09/2022,,trip,Atrip,13:46:08,,,1,319,0.00,0.0000,0.0000,,, , , , , , , , , , , , , , , , ,
A,-49.262091,-25.433782, ,21/09/2022,,trip,Atrip,13:46:09,,,1,320,0.00,0.0000,0.0000,,, , , , , , , , , , , , , , , , ,
A,-49.262092,-25.433782, ,21/09/2022,,trip,Atrip,13:46:10,,,1,321,0.00,0.0000,0.0000,,, , , , , , , , , , , , , , , , ,
A,-49.262092,-25.433782, ,21/09/2022,,trip,Atrip,13:46:11,,,1,322,0.00,0.0000,0.0000,,, , , , , , , , , , , , , , , , ,
A,-49.262092,-25.433782, ,21/09/2022,,trip,Atrip,13:46:12,,,1,323,0.00,0.0000,0.0000,,, , , , , , , , , , , , , , , , ,
A,-49.262092,-25.433782, ,21/09/2022,,trip,Atrip,13:46:13,,,1,324,0.00,0.0000,0.0000,,, , , , , , , , , , , , , , , , ,
A,-49.262092,-25.433782, ,21/09/2022,,trip,Atrip,13:46:14,,,1,325,0.00,0.0000,0.0000,,, , , , , , , , , , , , , , , , ,
A,-49.262093,-25.433782, ,21/09/2022,,trip,Atrip,13:46:15,,,1,326,0.00,0.0000,0.0000,,, , , , , , , , , , , , , , , , ,
A,-49.262089,-25.433791, ,21/09/2022,,trip,Atrip,13:46:16,,,1,327,3.36,5.4000,1.5000,,, , , , , , , , , , , , , , , , ,
A,-49.262078,-25.433815, ,21/09/2022,,trip,Atrip,13:46:17,,,1,328,8.77,14.1120,2.4200,,, , , , , , , , , , , , , , , , ,
A,-49.262060,-25.433853, ,21/09/2022,,trip,Atrip,13:46:18,,,1,329,12.15,19.5480,1.5100,,, , , , , , , , , , , , , , , , ,
A,-49.262037,-25.433903, ,21/09/2022,,trip,Atrip,13:46:19,,,1,330,14.48,23.2920,1.0400,,, , , , , , , , , , , , , , , , ,
A,-49.262011,-25.433958, ,21/09/2022,,trip,Atrip,13:46:20,,,1,331,15.19,24.4440,0.3200,,, , , , , , , , , , , , , , , , ,
A,-49.261984,-25.434015, ,21/09/2022,,trip,Atrip,13:46:21,,,1,332,15.39,24.7680,0.0900,,, , , , , , , , , , , , , , , , ,
A,-49.261956,-25.434076, ,21/09/2022,,trip,Atrip,13:46:22,,,1,333,17.45,28.0800,0.9200,,, , , , , , , , , , , , , , , , ,
A,-49.261923,-25.434143, ,21/09/2022,,trip,Atrip,13:46:23,,,1,334,18.73,30.1320,0.5700,,, , , , , , , , , , , , , , , , ,
A,-49.261889,-25.434215, ,21/09/2022,,trip,Atrip,13:46:24,,,1,335,20.11,32.3640,0.6200,,, , , , , , , , , , , , , , , , ,
A,-49.261853,-25.434293, ,21/09/2022,,trip,Atrip,13:46:25,,,1,336,21.57,34.7040,0.6500,,, , , , , , , , , , , , , , , , ,
A,-49.261816,-25.434376, ,21/09/2022,,trip,Atrip,13:46:26,,,1,337,23.00,37.0080,0.6400,,, , , , , , , , , , , , , , , , ,
A,-49.261778,-25.434463, ,21/09/2022,,trip,Atrip,13:46:27,,,1,338,23.85,38.3760,0.3800,,, , , , , , , , , , , , , , , , ,
A,-49.261738,-25.434554, ,21/09/2022,,trip,Atrip,13:46:28,,,1,339,24.95,40.1400,0.4900,,, , , , , , , , , , , , , , , , ,
A,-49.261698,-25.434647, ,21/09/2022,,trip,Atrip,13:46:29,,,1,340,24.86,39.9960,-0.0400,,, , , , , , , , , , , , , , , , ,
A,-49.261657,-25.434740, ,21/09/2022,,trip,Atrip,13:46:30,,,1,341,24.77,39.8520,-0.0400,,, , , , , , , , , , , , , , , , ,
A,-49.261617,-25.434832, ,21/09/2022,,trip,Atrip,13:46:31,,,1,342,24.25,39.0240,-0.2300,,, , , , , , , , , , , , , , , , ,
A,-49.261578,-25.434919, ,21/09/2022,,trip,Atrip,13:46:32,,,1,343,23.11,37.1880,-0.5100,,, , , , , , , , , , , , , , , , ,
A,-49.261545,-25.434999, ,21/09/2022,,trip,Atrip,13:46:33,,,1,344,19.22,30.9240,-1.7400,,, , , , , , , , , , , , , , , , ,
A,-49.261515,-25.435065, ,21/09/2022,,trip,Atrip,13:46:34,,,1,345,16.38,26.3520,-1.2700,,, , , , , , , , , , , , , , , , ,
A,-49.261490,-25.435123, ,21/09/2022,,trip,Atrip,13:46:35,,,1,346,14.01,22.5360,-1.0600,,, , , , , , , , , , , , , , , , ,
A,-49.261469,-25.435170, ,21/09/2022,,trip,Atrip,13:46:36,,,1,347,11.01,17.7120,-1.3400,,, , , , , , , , , , , , , , , , ,
A,-49.261452,-25.435206, ,21/09/2022,,trip,Atrip,13:46:37,,,1,348,8.30,13.3560,-1.2100,,, , , , , , , , , , , , , , , , ,
A,-49.261440,-25.435232, ,21/09/2022,,trip,Atrip,13:46:38,,,1,349,5.75,9.2520,-1.1400,,, , , , , , , , , , , , , , , , ,
A,-49.261431,-25.435250, ,21/09/2022,,trip,Atrip,13:46:39,,,1,350,3.74,6.0120,-0.9000,,, , , , , , , , , , , , , , , , ,
A,-49.261428,-25.435256, ,21/09/2022,,trip,Atrip,13:46:40,,,1,351,0.13,0.2160,-1.6100,,, , , , , , , , , , , , , , , , ,
A,-49.261427,-25.435256, ,21/09/2022,,trip,Atrip,13:46:41,,,1,352,0.00,0.0000,-0.0600,,, , , , , , , , , , , , , , , , ,
A,-49.261426,-25.435256, ,21/09/2022,,trip,Atrip,13:46:42,,,1,353,0.00,0.0000,0.0000,,, , , , , , , , , , , , , , , , ,
A,-49.261426,-25.435256, ,21/09/2022,,trip,Atrip,13:46:43,,,1,354,0.00,0.0000,0.0000,,, , , , , , , , , , , , , , , , ,
A,-49.261427,-25.435256, ,21/09/2022,,trip,Atrip,13:46:44,,,1,355,0.00,0.0000,0.0000,,, , , , , , , , , , , , , , , , ,
A,-49.261427,-25.435256, ,21/09/2022,,trip,Atrip,13:46:45,,,1,356,0.00,0.0000,0.0000,,, , , , , , , , , , , , , , , , ,
A,-49.261427,-25.435256, ,21/09/2022,,trip,Atrip,13:46:46,,,1,357,0.00,0.0000,0.0000,,, , , , , , , , , , , , , , , , ,
A,-49.261428,-25.435256, ,21/09/2022,,trip,Atrip,13:46:47,,,1,358,0.00,0.0000,0.0000,,, , , , , , , , , , , , , , , , ,
A,-49.261428,-25.435256, ,21/09/2022,,trip,Atrip,13:46:48,,,1,359,0.00,0.0000,0.0000,,, , , , , , , , , , , , , , , , ,
A,-49.261428,-25.435256, ,21/09/2022,,trip,Atrip,13:46:49,,,1,360,0.00,0.0000,0.0000,,, , , , , , , , , , , , , , , , ,
A,-49.261428,-25.435256, ,21/09/2022,,trip,Atrip,13:46:50,,,1,361,0.00,0.0000,0.0000,,, , , , , , , , , , , , , , , , ,
A,-49.261429,-25.435256, ,21/09/2022,,trip,Atrip,13:46:51,,,1,362,0.00,0.0000,0.0000,,, , , , , , , , , , , , , , , , ,
A,-49.261429,-25.435256, ,21/09/2022,,trip,Atrip,13:46:52,,,1,363,0.00,0.0000,0.0000,,, , , , , , , , , , , , , , , , ,
A,-49.261430,-25.435256, ,21/09/2022,,trip,Atrip,13:46:53,,,1,364,0.00,0.0000,0.0000,,, , , , , , , , , , , , , , , , ,
A,-49.261430,-25.435256, ,21/09/2022,,trip,Atrip,13:46:54,,,1,365,0.00,0.0000,0.0000,,, , , , , , , , , , , , , , , , ,
A,-49.261431,-25.435256, ,21/09/2022,,trip,Atrip,13:46:55,,,1,366,0.00,0.0000,0.0000,,, , , , , , , , , , , , , , , , ,
A,-49.261431,-25.435256, ,21/09/2022,,trip,Atrip,13:46:56,,,1,367,0.00,0.0000,0.0000,,, , , , , , , , , , , , , , , , ,
A,-49.261431,-25.435257, ,21/09/2022,,trip,Atrip,13:46:57,,,1,368,0.00,0.0000,0.0000,,, , , , , , , , , , , , , , , , ,
A,-49.261432,-25.435257, ,21/09/2022,,trip,Atrip,13:46:58,,,1,369,0.00,0.0000,0.0000,,, , , , , , , , , , , , , , , , ,
A,-49.261432,-25.435258, ,21/09/2022,,trip,Atrip,13:46:59,,,1,370,0.00,0.0000,0.0000,,, , , , , , , , , , , , , , , , ,
A,-49.261432,-25.435258, ,21/09/2022,,trip,Atrip,13:47:00,,,1,371,0.00,0.0000,0.0000,,, , , , , , , , , , , , , , , , ,
A,-49.261432,-25.435259, ,21/09/2022,,trip,Atrip,13:47:01,,,1,372,0.00,0.0000,0.0000,,, , , , , , , , , , , , , , , , ,
A,-49.261432,-25.435259, ,21/09/2022,,trip,Atrip,13:47:02,,,1,373,0.00,0.0000,0.0000,,, , , , , , , , , , , , , , , , ,
A,-49.261432,-25.435259, ,21/09/2022,,trip,Atrip,13:47:03,,,1,374,0.00,0.0000,0.0000,,, , , , , , , , , , , , , , , , ,
A,-49.261433,-25.435260, ,21/09/2022,,trip,Atrip,13:47:04,,,1,375,0.00,0.0000,0.0000,,, , , , , , , , , , , , , , , , ,
A,-49.261433,-25.435260, ,21/09/2022,,trip,Atrip,13:47:05,,,1,376,0.00,0.0000,0.0000,,, , , , , , , , , , , , , , , , ,
A,-49.261433,-25.435260, ,21/09/2022,,trip,Atrip,13:47:06,,,1,377,0.00,0.0000,0.0000,,, , , , , , , , , , , , , , , , ,
A,-49.261434,-25.435261, ,21/09/2022,,trip,Atrip,13:47:07,,,1,378,0.00,0.0000,0.0000,,, , , , , , , , , , , , , , , , ,
A,-49.261434,-25.435261, ,21/09/2022,,trip,Atrip,13:47:08,,,1,379,0.00,0.0000,0.0000,,, , , , , , , , , , , , , , , , ,
A,-49.261434,-25.435261, ,21/09/2022,,trip,Atrip,13:47:09,,,1,380,0.00,0.0000,0.0000,,, , , , , , , , , , , , , , , , ,
A,-49.261435,-25.435262, ,21/09/2022,,trip,Atrip,13:47:10,,,1,381,0.00,0.0000,0.0000,,, , , , , , , , , , , , , , , , ,
A,-49.261435,-25.435262, ,21/09/2022,,trip,Atrip,13:47:11,,,1,382,0.00,0.0000,0.0000,,, , , , , , , , , , , , , , , , ,
A,-49.261435,-25.435262, ,21/09/2022,,trip,Atrip,13:47:12,,,1,383,0.00,0.0000,0.0000,,, , , , , , , , , , , , , , , , ,
A,-49.261435,-25.435262, ,21/09/2022,,trip,Atrip,13:47:13,,,1,384,0.00,0.0000,0.0000,,, , , , , , , , , , , , , , , , ,
A,-49.261435,-25.435262, ,21/09/2022,,trip,Atrip,13:47:14,,,1,385,0.00,0.0000,0.0000,,, , , , , , , , , , , , , , , , ,
A,-49.261435,-25.435262, ,21/09/2022,,trip,Atrip,13:47:15,,,1,386,0.00,0.0000,0.0000,,, , , , , , , , , , , , , , , , ,
A,-49.261435,-25.435263, ,21/09/2022,,trip,Atrip,13:47:16,,,1,387,0.00,0.0000,0.0000,,, , , , , , , , , , , , , , , , ,
A,-49.261436,-25.435263, ,21/09/2022,,trip,Atrip,13:47:17,,,1,388,0.00,0.0000,0.0000,,, , , , , , , , , , , , , , , , ,
A,-49.261436,-25.435263, ,21/09/2022,,trip,Atrip,13:47:18,,,1,389,0.00,0.0000,0.0000,,, , , , , , , , , , , , , , , , ,
A,-49.261436,-25.435263, ,21/09/2022,,trip,Atrip,13:47:20,,,2,391,0.00,0.0000,0.0000,,, , , , , , , , , , , , , , , , ,
A,-49.261435,-25.435263, ,21/09/2022,,trip,Atrip,13:47:21,,,1,392,0.00,0.0000,0.0000,,, , , , , , , , , , , , , , , , ,
A,-49.261435,-25.435263, ,21/09/2022,,trip,Atrip,13:47:22,,,1,393,0.00,0.0000,0.0000,,, , , , , , , , , , , , , , , , ,
A,-49.261435,-25.435263, ,21/09/2022,,trip,Atrip,13:47:23,,,1,394,0.00,0.0000,0.0000,,, , , , , , , , , , , , , , , , ,
A,-49.261435,-25.435262, ,21/09/2022,,trip,Atrip,13:47:24,,,1,395,0.00,0.0000,0.0000,,, , , , , , , , , , , , , , , , ,
A,-49.261435,-25.435262, ,21/09/2022,,trip,Atrip,13:47:25,,,1,396,0.00,0.0000,0.0000,,, , , , , , , , , , , , , , , , ,
A,-49.261435,-25.435262, ,21/09/2022,,trip,Atrip,13:47:26,,,1,397,0.00,0.0000,0.0000,,, , , , , , , , , , , , , , , , ,
A,-49.261435,-25.435262, ,21/09/2022,,trip,Atrip,13:47:27,,,1,398,0.00,0.0000,0.0000,,, , , , , , , , , , , , , , , , ,
A,-49.261435,-25.435262, ,21/09/2022,,trip,Atrip,13:47:28,,,1,399,0.00,0.0000,0.0000,,, , , , , , , , , , , , , , , , ,
A,-49.261435,-25.435262, ,21/09/2022,,trip,Atrip,13:47:29,,,1,400,0.00,0.0000,0.0000,,, , , , , , , , , , , , , , , , ,
A,-49.261435,-25.435262, ,21/09/2022,,trip,Atrip,13:47:30,,,1,401,0.00,0.0000,0.0000,,, , , , , , , , , , , , , , , , ,
A,-49.261435,-25.435262, ,21/09/2022,,trip,Atrip,13:47:31,,,1,402,0.00,0.0000,0.0000,,, , , , , , , , , , , , , , , , ,
A,-49.261435,-25.435262, ,21/09/2022,,trip,Atrip,13:47:32,,,1,403,0.00,0.0000,0.0000,,, , , , , , , , , , , , , , , , ,
A,-49.261435,-25.435262, ,21/09/2022,,trip,Atrip,13:47:33,,,1,404,0.00,0.0000,0.0000,,, , , , , , , , , , , , , , , , ,
A,-49.261434,-25.435262, ,21/09/2022,,trip,Atrip,13:47:34,,,1,405,0.00,0.0000,0.0000,,, , , , , , , , , , , , , , , , ,
A,-49.261431,-25.435271, ,21/09/2022,,trip,Atrip,13:47:35,,,1,406,2.71,4.3560,1.2100,,, , , , , , , , , , , , , , , , ,
A,-49.261422,-25.435290, ,21/09/2022,,trip,Atrip,13:47:36,,,1,407,7.16,11.5200,1.9900,,, , , , , , , , , , , , , , , , ,
A,-49.261407,-25.435324, ,21/09/2022,,trip,Atrip,13:47:37,,,1,408,11.21,18.0360,1.8100,,, , , , , , , , , , , , , , , , ,
A,-49.261387,-25.435371, ,21/09/2022,,trip,Atrip,13:47:38,,,1,409,13.45,21.6360,1.0000,,, , , , , , , , , , , , , , , , ,
A,-49.261364,-25.435424, ,21/09/2022,,trip,Atrip,13:47:39,,,1,410,14.66,23.5800,0.5400,,, , , , , , , , , , , , , , , , ,
A,-49.261339,-25.435481, ,21/09/2022,,trip,Atrip,13:47:40,,,1,411,16.20,26.0640,0.6900,,, , , , , , , , , , , , , , , , ,
A,-49.261311,-25.435546, ,21/09/2022,,trip,Atrip,13:47:41,,,1,412,17.81,28.6560,0.7200,,, , , , , , , , , , , , , , , , ,
A,-49.261280,-25.435616, ,21/09/2022,,trip,Atrip,13:47:42,,,1,413,19.35,31.1400,0.6900,,, , , , , , , , , , , , , , , , ,
A,-49.261247,-25.435689, ,21/09/2022,,trip,Atrip,13:47:43,,,1,414,19.76,31.7880,0.1800,,, , , , , , , , , , , , , , , , ,
A,-49.261214,-25.435764, ,21/09/2022,,trip,Atrip,13:47:44,,,1,415,20.20,32.5080,0.2000,,, , , , , , , , , , , , , , , , ,
A,-49.261179,-25.435840, ,21/09/2022,,trip,Atrip,13:47:45,,,1,416,20.52,33.0120,0.1400,,, , , , , , , , , , , , , , , , ,
A,-49.261143,-25.435919, ,21/09/2022,,trip,Atrip,13:47:46,,,1,417,21.99,35.3880,0.6600,,, , , , , , , , , , , , , , , , ,
A,-49.261105,-25.436004, ,21/09/2022,,trip,Atrip,13:47:47,,,1,418,23.27,37.4400,0.5700,,, , , , , , , , , , , , , , , , ,
A,-49.261065,-25.436093, ,21/09/2022,,trip,Atrip,13:47:48,,,1,419,24.30,39.0960,0.4600,,, , , , , , , , , , , , , , , , ,
A,-49.261023,-25.436184, ,21/09/2022,,trip,Atrip,13:47:49,,,1,420,24.84,39.9600,0.2400,,, , , , , , , , , , , , , , , , ,
A,-49.260979,-25.436276, ,21/09/2022,,trip,Atrip,13:47:50,,,1,421,24.59,39.5640,-0.1100,,, , , , , , , , , , , , , , , , ,
A,-49.260935,-25.436369, ,21/09/2022,,trip,Atrip,13:47:51,,,1,422,25.26,40.6440,0.3000,,, , , , , , , , , , , , , , , , ,
A,-49.260890,-25.436463, ,21/09/2022,,trip,Atrip,13:47:52,,,1,423,25.84,41.5800,0.2600,,, , , , , , , , , , , , , , , , ,
A,-49.260844,-25.436561, ,21/09/2022,,trip,Atrip,13:47:53,,,1,424,26.54,42.6960,0.3100,,, , , , , , , , , , , , , , , , ,
A,-49.260797,-25.436659, ,21/09/2022,,trip,Atrip,13:47:54,,,1,425,26.96,43.3800,0.1900,,, , , , , , , , , , , , , , , , ,
A,-49.260751,-25.436757, ,21/09/2022,,trip,Atrip,13:47:55,,,1,426,25.95,41.7600,-0.4500,,, , , , , , , , , , , , , , , , ,
A,-49.260708,-25.436845, ,21/09/2022,,trip,Atrip,13:47:56,,,1,427,22.35,35.9640,-1.6100,,, , , , , , , , , , , , , , , , ,
A,-49.260675,-25.436910, ,21/09/2022,,trip,Atrip,13:47:57,,,1,428,13.80,22.2120,-3.8200,,, , , , , , , , , , , , , , , , ,
A,-49.260657,-25.436942, ,21/09/2022,,trip,Atrip,13:47:58,,,1,429,4.97,7.9920,-3.9500,,, , , , , , , , , , , , , , , , ,
A,-49.260654,-25.436950, ,21/09/2022,,trip,Atrip,13:47:59,,,1,430,0.43,0.6840,-2.0300,,, , , , , , , , , , , , , , , , ,
A,-49.260654,-25.436949, ,21/09/2022,,trip,Atrip,13:48:00,,,1,431,0.00,0.0000,-0.1900,,, , , , , , , , , , , , , , , , ,
A,-49.260654,-25.436949, ,21/09/2022,,trip,Atrip,13:48:01,,,1,432,0.00,0.0000,0.0000,,, , , , , , , , , , , , , , , , ,
A,-49.260654,-25.436949, ,21/09/2022,,trip,Atrip,13:48:02,,,1,433,0.00,0.0000,0.0000,,, , , , , , , , , , , , , , , , ,
A,-49.260655,-25.436949, ,21/09/2022,,trip,Atrip,13:48:03,,,1,434,0.00,0.0000,0.0000,,, , , , , , , , , , , , , , , , ,
A,-49.260655,-25.436948, ,21/09/2022,,trip,Atrip,13:48:04,,,1,435,0.00,0.0000,0.0000,,, , , , , , , , , , , , , , , , ,
A,-49.260655,-25.436948, ,21/09/2022,,trip,Atrip,13:48:05,,,1,436,0.00,0.0000,0.0000,,, , , , , , , , , , , , , , , , ,
A,-49.260656,-25.436948, ,21/09/2022,,trip,Atrip,13:48:06,,,1,437,0.00,0.0000,0.0000,,, , , , , , , , , , , , , , , , ,
A,-49.260656,-25.436948, ,21/09/2022,,trip,Atrip,13:48:07,,,1,438,0.00,0.0000,0.0000,,, , , , , , , , , , , , , , , , ,
A,-49.260656,-25.436949, ,21/09/2022,,trip,Atrip,13:48:08,,,1,439,0.00,0.0000,0.0000,,, , , , , , , , , , , , , , , , ,
A,-49.260656,-25.436949, ,21/09/2022,,trip,Atrip,13:48:09,,,1,440,0.00,0.0000,0.0000,,, , , , , , , , , , , , , , , , ,
A,-49.260656,-25.436949, ,21/09/2022,,trip,Atrip,13:48:10,,,1,441,0.00,0.0000,0.0000,,, , , , , , , , , , , , , , , , ,
A,-49.260656,-25.436949, ,21/09/2022,,trip,Atrip,13:48:11,,,1,442,0.00,0.0000,0.0000,,, , , , , , , , , , , , , , , , ,
A,-49.260656,-25.436949, ,21/09/2022,,trip,Atrip,13:48:12,,,1,443,0.00,0.0000,0.0000,,, , , , , , , , , , , , , , , , ,
A,-49.260656,-25.436949, ,21/09/2022,,trip,Atrip,13:48:13,,,1,444,0.00,0.0000,0.0000,,, , , , , , , , , , , , , , , , ,
A,-49.260656,-25.436949, ,21/09/2022,,trip,Atrip,13:48:14,,,1,445,0.00,0.0000,0.0000,,, , , , , , , , , , , , , , , , ,
A,-49.260656,-25.436949, ,21/09/2022,,trip,Atrip,13:48:15,,,1,446,0.00,0.0000,0.0000,,, , , , , , , , , , , , , , , , ,
A,-49.260656,-25.436949, ,21/09/2022,,trip,Atrip,13:48:16,,,1,447,0.00,0.0000,0.0000,,, , , , , , , , , , , , , , , , ,
A,-49.260656,-25.436949, ,21/09/2022,,trip,Atrip,13:48:17,,,1,448,0.00,0.0000,0.0000,,, , , , , , , , , , , , , , , , ,
A,-49.260655,-25.436949, ,21/09/2022,,trip,Atrip,13:48:18,,,1,449,0.00,0.0000,0.0000,,, , , , , , , , , , , , , , , , ,
A,-49.260655,-25.436949, ,21/09/2022,,trip,Atrip,13:48:19,,,1,450,0.00,0.0000,0.0000,,, , , , , , , , , , , , , , , , ,
A,-49.260655,-25.436949, ,21/09/2022,,trip,Atrip,13:48:20,,,1,451,0.00,0.0000,0.0000,,, , , , , , , , , , , , , , , , ,
A,-49.260655,-25.436949, ,21/09/2022,,trip,Atrip,13:48:21,,,1,452,0.00,0.0000,0.0000,,, , , , , , , , , , , , , , , , ,
A,-49.260655,-25.436949, ,21/09/2022,,trip,Atrip,13:48:22,,,1,453,0.00,0.0000,0.0000,,, , , , , , , , , , , , , , , , ,
A,-49.260655,-25.436950, ,21/09/2022,,trip,Atrip,13:48:23,,,1,454,0.00,0.0000,0.0000,,, , , , , , , , , , , , , , , , ,
A,-49.260655,-25.436950, ,21/09/2022,,trip,Atrip,13:48:24,,,1,455,0.00,0.0000,0.0000,,, , , , , , , , , , , , , , , , ,
A,-49.260656,-25.436949, ,21/09/2022,,trip,Atrip,13:48:25,,,1,456,0.00,0.0000,0.0000,,, , , , , , , , , , , , , , , , ,
A,-49.260656,-25.436949, ,21/09/2022,,trip,Atrip,13:48:26,,,1,457,0.00,0.0000,0.0000,,, , , , , , , , , , , , , , , , ,
A,-49.260657,-25.436949, ,21/09/2022,,trip,Atrip,13:48:27,,,1,458,0.00,0.0000,0.0000,,, , , , , , , , , , , , , , , , ,
A,-49.260657,-25.436949, ,21/09/2022,,trip,Atrip,13:48:28,,,1,459,0.00,0.0000,0.0000,,, , , , , , , , , , , , , , , , ,
A,-49.260657,-25.436949, ,21/09/2022,,trip,Atrip,13:48:29,,,1,460,0.00,0.0000,0.0000,,, , , , , , , , , , , , , , , , ,
A,-49.260657,-25.436949, ,21/09/2022,,trip,Atrip,13:48:30,,,1,461,0.00,0.0000,0.0000,,, , , , , , , , , , , , , , , , ,
A,-49.260657,-25.436950, ,21/09/2022,,trip,Atrip,13:48:31,,,1,462,0.00,0.0000,0.0000,,, , , , , , , , , , , , , , , , ,
A,-49.260657,-25.436950, ,21/09/2022,,trip,Atrip,13:48:32,,,1,463,0.00,0.0000,0.0000,,, , , , , , , , , , , , , , , , ,
A,-49.260657,-25.436950, ,21/09/2022,,trip,Atrip,13:48:33,,,1,464,0.00,0.0000,0.0000,,, , , , , , , , , , , , , , , , ,
A,-49.260657,-25.436950, ,21/09/2022,,trip,Atrip,13:48:34,,,1,465,0.00,0.0000,0.0000,,, , , , , , , , , , , , , , , , ,
A,-49.260657,-25.436950, ,21/09/2022,,trip,Atrip,13:48:35,,,1,466,0.00,0.0000,0.0000,,, , , , , , , , , , , , , , , , ,
A,-49.260657,-25.436950, ,21/09/2022,,trip,Atrip,13:48:36,,,1,467,0.00,0.0000,0.0000,,, , , , , , , , , , , , , , , , ,
A,-49.260657,-25.436950, ,21/09/2022,,trip,Atrip,13:48:37,,,1,468,0.00,0.0000,0.0000,,, , , , , , , , , , , , , , , , ,
A,-49.260658,-25.436949, ,21/09/2022,,trip,Atrip,13:48:38,,,1,469,0.00,0.0000,0.0000,,, , , , , , , , , , , , , , , , ,
A,-49.260658,-25.436949, ,21/09/2022,,trip,Atrip,13:48:39,,,1,470,0.00,0.0000,0.0000,,, , , , , , , , , , , , , , , , ,
A,-49.260658,-25.436949, ,21/09/2022,,trip,Atrip,13:48:40,,,1,471,0.00,0.0000,0.0000,,, , , , , , , , , , , , , , , , ,
A,-49.260659,-25.436949, ,21/09/2022,,trip,Atrip,13:48:41,,,1,472,0.00,0.0000,0.0000,,, , , , , , , , , , , , , , , , ,
A,-49.260659,-25.436949, ,21/09/2022,,trip,Atrip,13:48:42,,,1,473,0.00,0.0000,0.0000,,, , , , , , , , , , , , , , , , ,
A,-49.260659,-25.436949, ,21/09/2022,,trip,Atrip,13:48:43,,,1,474,0.00,0.0000,0.0000,,, , , , , , , , , , , , , , , , ,
A,-49.260660,-25.436949, ,21/09/2022,,trip,Atrip,13:48:44,,,1,475,0.00,0.0000,0.0000,,, , , , , , , , , , , , , , , , ,
A,-49.260660,-25.436949, ,21/09/2022,,trip,Atrip,13:48:45,,,1,476,0.00,0.0000,0.0000,,, , , , , , , , , , , , , , , , ,
A,-49.260660,-25.436949, ,21/09/2022,,trip,Atrip,13:48:46,,,1,477,0.00,0.0000,0.0000,,, , , , , , , , , , , , , , , , ,
A,-49.260660,-25.436949, ,21/09/2022,,trip,Atrip,13:48:47,,,1,478,0.00,0.0000,0.0000,,, , , , , , , , , , , , , , , , ,
A,-49.260660,-25.436949, ,21/09/2022,,trip,Atrip,13:48:48,,,1,479,0.00,0.0000,0.0000,,, , , , , , , , , , , , , , , , ,
A,-49.260660,-25.436949, ,21/09/2022,,trip,Atrip,13:48:49,,,1,480,0.00,0.0000,0.0000,,, , , , , , , , , , , , , , , , ,
A,-49.260661,-25.436948, ,21/09/2022,,trip,Atrip,13:48:50,,,1,481,0.00,0.0000,0.0000,,, , , , , , , , , , , , , , , , ,
A,-49.260654,-25.436963, ,21/09/2022,,trip,Atrip,13:48:51,,,1,482,5.68,9.1440,2.5400,,, , , , , , , , , , , , , , , , ,
A,-49.260634,-25.436996, ,21/09/2022,,trip,Atrip,13:48:52,,,1,483,12.57,20.2320,3.0800,,, , , , , , , , , , , , , , , , ,
A,-49.260599,-25.437044, ,21/09/2022,,trip,Atrip,13:48:53,,,1,484,16.51,26.5680,1.7600,,, , , , , , , , , , , , , , , , ,
A,-49.260549,-25.437101, ,21/09/2022,,trip,Atrip,13:48:54,,,1,485,19.69,31.6800,1.4200,,, , , , , , , , , , , , , , , , ,
A,-49.260484,-25.437162, ,21/09/2022,,trip,Atrip,13:48:55,,,1,486,22.93,36.9000,1.4500,,, , , , , , , , , , , , , , , , ,
A,-49.260406,-25.437228, ,21/09/2022,,trip,Atrip,13:48:56,,,1,487,25.66,41.2920,1.2200,,, , , , , , , , , , , , , , , , ,
A,-49.260318,-25.437302, ,21/09/2022,,trip,Atrip,13:48:57,,,1,488,28.37,45.6480,1.2100,,, , , , , , , , , , , , , , , , ,
A,-49.260221,-25.437382, ,21/09/2022,,trip,Atrip,13:48:58,,,1,489,30.67,49.3560,1.0300,,, , , , , , , , , , , , , , , , ,
A,-49.260117,-25.437465, ,21/09/2022,,trip,Atrip,13:48:59,,,1,490,32.38,52.0920,0.7600,,, , , , , , , , , , , , , , , , ,
A,-49.260006,-25.437553, ,21/09/2022,,trip,Atrip,13:49:00,,,1,491,34.08,54.8280,0.7600,,, , , , , , , , , , , , , , , , ,
A,-49.259889,-25.437645, ,21/09/2022,,trip,Atrip,13:49:01,,,1,492,35.91,57.7800,0.8200,,, , , , , , , , , , , , , , , , ,
A,-49.259766,-25.437743, ,21/09/2022,,trip,Atrip,13:49:02,,,1,493,37.70,60.6600,0.8000,,, , , , , , , , , , , , , , , , ,
A,-49.259639,-25.437846, ,21/09/2022,,trip,Atrip,13:49:03,,,1,494,39.27,63.1800,0.7000,,, , , , , , , , , , , , , , , , ,
A,-49.259506,-25.437951, ,21/09/2022,,trip,Atrip,13:49:04,,,1,495,40.43,65.0520,0.5200,,, , , , , , , , , , , , , , , , ,
A,-49.259368,-25.438059, ,21/09/2022,,trip,Atrip,13:49:05,,,1,496,41.55,66.8520,0.5000,,, , , , , , , , , , , , , , , , ,
A,-49.259229,-25.438171, ,21/09/2022,,trip,Atrip,13:49:06,,,1,497,41.86,67.3560,0.1400,,, , , , , , , , , , , , , , , , ,
A,-49.259092,-25.438285, ,21/09/2022,,trip,Atrip,13:49:07,,,1,498,41.82,67.2840,-0.0200,,, , , , , , , , , , , , , , , , ,
A,-49.258957,-25.438402, ,21/09/2022,,trip,Atrip,13:49:08,,,1,499,42.22,67.9320,0.1800,,, , , , , , , , , , , , , , , , ,
A,-49.258821,-25.438521, ,21/09/2022,,trip,Atrip,13:49:09,,,1,500,42.82,68.9040,0.2700,,, , , , , , , , , , , , , , , , ,
A,-49.258686,-25.438644, ,21/09/2022,,trip,Atrip,13:49:10,,,1,501,43.00,69.1920,0.0800,,, , , , , , , , , , , , , , , , ,
A,-49.258557,-25.438775, ,21/09/2022,,trip,Atrip,13:49:11,,,1,502,43.70,70.3080,0.3100,,, , , , , , , , , , , , , , , , ,
A,-49.258437,-25.438916, ,21/09/2022,,trip,Atrip,13:49:12,,,1,503,44.46,71.5320,0.3400,,, , , , , , , , , , , , , , , , ,
A,-49.258322,-25.439062, ,21/09/2022,,trip,Atrip,13:49:13,,,1,504,44.55,71.6760,0.0400,,, , , , , , , , , , , , , , , , ,
A,-49.258211,-25.439206, ,21/09/2022,,trip,Atrip,13:49:14,,,1,505,42.96,69.1200,-0.7100,,, , , , , , , , , , , , , , , , ,
A,-49.258101,-25.439346, ,21/09/2022,,trip,Atrip,13:49:15,,,1,506,42.13,67.7880,-0.3700,,, , , , , , , , , , , , , , , , ,
A,-49.257994,-25.439483, ,21/09/2022,,trip,Atrip,13:49:16,,,1,507,41.48,66.7440,-0.2900,,, , , , , , , , , , , , , , , , ,
A,-49.257888,-25.439619, ,21/09/2022,,trip,Atrip,13:49:17,,,1,508,40.92,65.8440,-0.2500,,, , , , , , , , , , , , , , , , ,
A,-49.257784,-25.439753, ,21/09/2022,,trip,Atrip,13:49:18,,,1,509,40.07,64.4760,-0.3800,,, , , , , , , , , , , , , , , , ,
A,-49.257682,-25.439884, ,21/09/2022,,trip,Atrip,13:49:19,,,1,510,39.54,63.6120,-0.2400,,, , , , , , , , , , , , , , , , ,
A,-49.257580,-25.440012, ,21/09/2022,,trip,Atrip,13:49:20,,,1,511,38.77,62.3880,-0.3400,,, , , , , , , , , , , , , , , , ,
A,-49.257474,-25.440132, ,21/09/2022,,trip,Atrip,13:49:21,,,1,512,38.06,61.2360,-0.3200,,, , , , , , , , , , , , , , , , ,
A,-49.257360,-25.440245, ,21/09/2022,,trip,Atrip,13:49:22,,,1,513,38.22,61.4880,0.0700,,, , , , , , , , , , , , , , , , ,
A,-49.257236,-25.440354, ,21/09/2022,,trip,Atrip,13:49:23,,,1,514,39.15,63.0000,0.4200,,, , , , , , , , , , , , , , , , ,
A,-49.257104,-25.440454, ,21/09/2022,,trip,Atrip,13:49:24,,,1,515,38.66,62.2080,-0.2200,,, , , , , , , , , , , , , , , , ,
A,-49.256965,-25.440541, ,21/09/2022,,trip,Atrip,13:49:25,,,1,516,37.72,60.6960,-0.4200,,, , , , , , , , , , , , , , , , ,
A,-49.256821,-25.440616, ,21/09/2022,,trip,Atrip,13:49:26,,,1,517,37.21,59.8680,-0.2300,,, , , , , , , , , , , , , , , , ,
A,-49.256671,-25.440679, ,21/09/2022,,trip,Atrip,13:49:27,,,1,518,37.19,59.8320,-0.0100,,, , , , , , , , , , , , , , , , ,
A,-49.256517,-25.440730, ,21/09/2022,,trip,Atrip,13:49:28,,,1,519,36.29,58.3920,-0.4000,,, , , , , , , , , , , , , , , , ,
A,-49.256364,-25.440772, ,21/09/2022,,trip,Atrip,13:49:29,,,1,520,35.57,57.2400,-0.3200,,, , , , , , , , , , , , , , , , ,
A,-49.256211,-25.440805, ,21/09/2022,,trip,Atrip,13:49:30,,,1,521,34.93,56.1960,-0.2900,,, , , , , , , , , , , , , , , , ,
A,-49.256058,-25.440825, ,21/09/2022,,trip,Atrip,13:49:31,,,1,522,35.15,56.5560,0.1000,,, , , , , , , , , , , , , , , , ,
A,-49.255904,-25.440834, ,21/09/2022,,trip,Atrip,13:49:32,,,1,523,34.81,56.0160,-0.1500,,, , , , , , , , , , , , , , , , ,
A,-49.255749,-25.440837, ,21/09/2022,,trip,Atrip,13:49:33,,,1,524,35.04,56.3760,0.1000,,, , , , , , , , , , , , , , , , ,
A,-49.255595,-25.440842, ,21/09/2022,,trip,Atrip,13:49:34,,,1,525,34.64,55.7280,-0.1800,,, , , , , , , , , , , , , , , , ,
A,-49.255442,-25.440852, ,21/09/2022,,trip,Atrip,13:49:35,,,1,526,34.08,54.8280,-0.2500,,, , , , , , , , , , , , , , , , ,
A,-49.255294,-25.440873, ,21/09/2022,,trip,Atrip,13:49:36,,,1,527,33.74,54.2880,-0.1500,,, , , , , , , , , , , , , , , , ,
A,-49.255147,-25.440903, ,21/09/2022,,trip,Atrip,13:49:37,,,1,528,33.70,54.2160,-0.0200,,, , , , , , , , , , , , , , , , ,
A,-49.255002,-25.440942, ,21/09/2022,,trip,Atrip,13:49:38,,,1,529,34.21,55.0440,0.2300,,, , , , , , , , , , , , , , , , ,
A,-49.254863,-25.440983, ,21/09/2022,,trip,Atrip,13:49:39,,,1,530,31.68,50.9760,-1.1300,,, , , , , , , , , , , , , , , , ,
A,-49.254741,-25.441021, ,21/09/2022,,trip,Atrip,13:49:40,,,1,531,26.36,42.4080,-2.3800,,, , , , , , , , , , , , , , , , ,
A,-49.254636,-25.441053, ,21/09/2022,,trip,Atrip,13:49:41,,,1,532,22.98,36.9720,-1.5100,,, , , , , , , , , , , , , , , , ,
A,-49.254543,-25.441082, ,21/09/2022,,trip,Atrip,13:49:42,,,1,533,20.72,33.3360,-1.0100,,, , , , , , , , , , , , , , , , ,
A,-49.254466,-25.441107, ,21/09/2022,,trip,Atrip,13:49:43,,,1,534,16.22,26.1000,-2.0100,,, , , , , , , , , , , , , , , , ,
A,-49.254402,-25.441126, ,21/09/2022,,trip,Atrip,13:49:44,,,1,535,13.56,21.8160,-1.1900,,, , , , , , , , , , , , , , , , ,
A,-49.254349,-25.441143, ,21/09/2022,,trip,Atrip,13:49:45,,,1,536,11.84,19.0440,-0.7700,,, , , , , , , , , , , , , , , , ,
A,-49.254305,-25.441157, ,21/09/2022,,trip,Atrip,13:49:46,,,1,537,9.58,15.4080,-1.0100,,, , , , , , , , , , , , , , , , ,
A,-49.254270,-25.441167, ,21/09/2022,,trip,Atrip,13:49:47,,,1,538,6.78,10.9080,-1.2500,,, , , , , , , , , , , , , , , , ,
A,-49.254242,-25.441176, ,21/09/2022,,trip,Atrip,13:49:48,,,1,539,6.49,10.4400,-0.1300,,, , , , , , , , , , , , , , , , ,
A,-49.254215,-25.441184, ,21/09/2022,,trip,Atrip,13:49:49,,,1,540,5.95,9.5760,-0.2400,,, , , , , , , , , , , , , , , , ,
A,-49.254194,-25.441190, ,21/09/2022,,trip,Atrip,13:49:50,,,1,541,3.94,6.3360,-0.9000,,, , , , , , , , , , , , , , , , ,
A,-49.254182,-25.441194, ,21/09/2022,,trip,Atrip,13:49:51,,,1,542,1.72,2.7720,-0.9900,,, , , , , , , , , , , , , , , , ,
A,-49.254182,-25.441194, ,21/09/2022,,trip,Atrip,13:49:52,,,1,543,0.00,0.0000,-0.7700,,, , , , , , , , , , , , , , , , ,
A,-49.254181,-25.441194, ,21/09/2022,,trip,Atrip,13:49:53,,,1,544,0.00,0.0000,0.0000,,, , , , , , , , , , , , , , , , ,
A,-49.254180,-25.441194, ,21/09/2022,,trip,Atrip,13:49:54,,,1,545,0.00,0.0000,0.0000,,, , , , , , , , , , , , , , , , ,
A,-49.254180,-25.441195, ,21/09/2022,,trip,Atrip,13:49:55,,,1,546,0.00,0.0000,0.0000,,, , , , , , , , , , , , , , , , ,
A,-49.254179,-25.441196, ,21/09/2022,,trip,Atrip,13:49:56,,,1,547,0.00,0.0000,0.0000,,, , , , , , , , , , , , , , , , ,
A,-49.254179,-25.441196, ,21/09/2022,,trip,Atrip,13:49:57,,,1,548,0.00,0.0000,0.0000,,, , , , , , , , , , , , , , , , ,
A,-49.254178,-25.441196, ,21/09/2022,,trip,Atrip,13:49:58,,,1,549,0.00,0.0000,0.0000,,, , , , , , , , , , , , , , , , ,
A,-49.254178,-25.441196, ,21/09/2022,,trip,Atrip,13:49:59,,,1,550,0.00,0.0000,0.0000,,, , , , , , , , , , , , , , , , ,
A,-49.254177,-25.441196, ,21/09/2022,,trip,Atrip,13:50:00,,,1,551,0.00,0.0000,0.0000,,, , , , , , , , , , , , , , , , ,
A,-49.254177,-25.441196, ,21/09/2022,,trip,Atrip,13:50:01,,,1,552,0.00,0.0000,0.0000,,, , , , , , , , , , , , , , , , ,
A,-49.254176,-25.441196, ,21/09/2022,,trip,Atrip,13:50:02,,,1,553,0.00,0.0000,0.0000,,, , , , , , , , , , , , , , , , ,
A,-49.254176,-25.441196, ,21/09/2022,,trip,Atrip,13:50:03,,,1,554,0.00,0.0000,0.0000,,, , , , , , , , , , , , , , , , ,
A,-49.254176,-25.441196, ,21/09/2022,,trip,Atrip,13:50:04,,,1,555,0.00,0.0000,0.0000,,, , , , , , , , , , , , , , , , ,
A,-49.254176,-25.441196, ,21/09/2022,,trip,Atrip,13:50:05,,,1,556,0.00,0.0000,0.0000,,, , , , , , , , , , , , , , , , ,
A,-49.254175,-25.441196, ,21/09/2022,,trip,Atrip,13:50:06,,,1,557,0.00,0.0000,0.0000,,, , , , , , , , , , , , , , , , ,
A,-49.254175,-25.441196, ,21/09/2022,,trip,Atrip,13:50:07,,,1,558,0.00,0.0000,0.0000,,, , , , , , , , , , , , , , , , ,
A,-49.254175,-25.441196, ,21/09/2022,,trip,Atrip,13:50:08,,,1,559,0.00,0.0000,0.0000,,, , , , , , , , , , , , , , , , ,
A,-49.254174,-25.441196, ,21/09/2022,,trip,Atrip,13:50:09,,,1,560,0.00,0.0000,0.0000,,, , , , , , , , , , , , , , , , ,
A,-49.254174,-25.441196, ,21/09/2022,,trip,Atrip,13:50:10,,,1,561,0.00,0.0000,0.0000,,, , , , , , , , , , , , , , , , ,
A,-49.254174,-25.441197, ,21/09/2022,,trip,Atrip,13:50:11,,,1,562,0.00,0.0000,0.0000,,, , , , , , , , , , , , , , , , ,
A,-49.254173,-25.441197, ,21/09/2022,,trip,Atrip,13:50:12,,,1,563,0.00,0.0000,0.0000,,, , , , , , , , , , , , , , , , ,
A,-49.254173,-25.441197, ,21/09/2022,,trip,Atrip,13:50:13,,,1,564,0.00,0.0000,0.0000,,, , , , , , , , , , , , , , , , ,
A,-49.254173,-25.441197, ,21/09/2022,,trip,Atrip,13:50:14,,,1,565,0.00,0.0000,0.0000,,, , , , , , , , , , , , , , , , ,
A,-49.254168,-25.441198, ,21/09/2022,,trip,Atrip,13:50:15,,,1,566,1.21,1.9440,0.5400,,, , , , , , , , , , , , , , , , ,
A,-49.254159,-25.441201, ,21/09/2022,,trip,Atrip,13:50:16,,,1,567,2.46,3.9600,0.5600,,, , , , , , , , , , , , , , , , ,
A,-49.254139,-25.441206, ,21/09/2022,,trip,Atrip,13:50:17,,,1,568,6.26,10.0800,1.7000,,, , , , , , , , , , , , , , , , ,
A,-49.254102,-25.441217, ,21/09/2022,,trip,Atrip,13:50:18,,,1,569,10.56,16.9920,1.9200,,, , , , , , , , , , , , , , , , ,
A,-49.254049,-25.441233, ,21/09/2022,,trip,Atrip,13:50:19,,,1,570,14.03,22.5720,1.5500,,, , , , , , , , , , , , , , , , ,
A,-49.253984,-25.441251, ,21/09/2022,,trip,Atrip,13:50:20,,,1,571,16.24,26.1360,0.9900,,, , , , , , , , , , , , , , , , ,
A,-49.253908,-25.441271, ,21/09/2022,,trip,Atrip,13:50:21,,,1,572,18.86,30.3480,1.1700,,, , , , , , , , , , , , , , , , ,
A,-49.253823,-25.441291, ,21/09/2022,,trip,Atrip,13:50:22,,,1,573,20.81,33.4800,0.8700,,, , , , , , , , , , , , , , , , ,
A,-49.253730,-25.441313, ,21/09/2022,,trip,Atrip,13:50:23,,,1,574,22.06,35.4960,0.5600,,, , , , , , , , , , , , , , , , ,
A,-49.253633,-25.441337, ,21/09/2022,,trip,Atrip,13:50:24,,,1,575,24.05,38.7000,0.8900,,, , , , , , , , , , , , , , , , ,
A,-49.253530,-25.441365, ,21/09/2022,,trip,Atrip,13:50:25,,,1,576,24.63,39.6360,0.2600,,, , , , , , , , , , , , , , , , ,
A,-49.253424,-25.441399, ,21/09/2022,,trip,Atrip,13:50:26,,,1,577,25.95,41.7600,0.5900,,, , , , , , , , , , , , , , , , ,
A,-49.253314,-25.441438, ,21/09/2022,,trip,Atrip,13:50:27,,,1,578,27.21,43.7760,0.5600,,, , , , , , , , , , , , , , , , ,
A,-49.253204,-25.441485, ,21/09/2022,,trip,Atrip,13:50:28,,,1,579,27.90,44.8920,0.3100,,, , , , , , , , , , , , , , , , ,
A,-49.253094,-25.441539, ,21/09/2022,,trip,Atrip,13:50:29,,,1,580,28.33,45.5760,0.1900,,, , , , , , , , , , , , , , , , ,
A,-49.252990,-25.441599, ,21/09/2022,,trip,Atrip,13:50:30,,,1,581,27.56,44.3520,-0.3400,,, , , , , , , , , , , , , , , , ,
A,-49.252892,-25.441663, ,21/09/2022,,trip,Atrip,13:50:31,,,1,582,27.36,44.0280,-0.0900,,, , , , , , , , , , , , , , , , ,
A,-49.252789,-25.441729, ,21/09/2022,,trip,Atrip,13:50:32,,,1,583,29.20,46.9800,0.8200,,, , , , , , , , , , , , , , , , ,
A,-49.252674,-25.441798, ,21/09/2022,,trip,Atrip,13:50:33,,,1,584,32.42,52.1640,1.4400,,, , , , , , , , , , , , , , , , ,
A,-49.252547,-25.441869, ,21/09/2022,,trip,Atrip,13:50:34,,,1,585,34.97,56.2680,1.1400,,, , , , , , , , , , , , , , , , ,
A,-49.252408,-25.441941, ,21/09/2022,,trip,Atrip,13:50:35,,,1,586,37.25,59.9400,1.0200,,, , , , , , , , , , , , , , , , ,
A,-49.252255,-25.442010, ,21/09/2022,,trip,Atrip,13:50:36,,,1,587,39.31,63.2520,0.9200,,, , , , , , , , , , , , , , , , ,
A,-49.252091,-25.442072, ,21/09/2022,,trip,Atrip,13:50:37,,,1,588,41.15,66.2040,0.8200,,, , , , , , , , , , , , , , , , ,
A,-49.251916,-25.442124, ,21/09/2022,,trip,Atrip,13:50:38,,,1,589,42.02,67.6080,0.3900,,, , , , , , , , , , , , , , , , ,
A,-49.251739,-25.442163, ,21/09/2022,,trip,Atrip,13:50:39,,,1,590,40.45,65.0880,-0.7000,,, , , , , , , , , , , , , , , , ,
A,-49.251569,-25.442195, ,21/09/2022,,trip,Atrip,13:50:40,,,1,591,38.37,61.7400,-0.9300,,, , , , , , , , , , , , , , , , ,
A,-49.251407,-25.442228, ,21/09/2022,,trip,Atrip,13:50:41,,,1,592,36.76,59.1480,-0.7200,,, , , , , , , , , , , , , , , , ,
A,-49.251255,-25.442274, ,21/09/2022,,trip,Atrip,13:50:42,,,1,593,35.37,56.9160,-0.6200,,, , , , , , , , , , , , , , , , ,
A,-49.251119,-25.442342, ,21/09/2022,,trip,Atrip,13:50:43,,,1,594,34.66,55.7640,-0.3200,,, , , , , , , , , , , , , , , , ,
A,-49.251003,-25.442433, ,21/09/2022,,trip,Atrip,13:50:44,,,1,595,34.93,56.1960,0.1200,,, , , , , , , , , , , , , , , , ,
A,-49.250906,-25.442546, ,21/09/2022,,trip,Atrip,13:50:45,,,1,596,35.98,57.8880,0.4700,,, , , , , , , , , , , , , , , , ,
A,-49.250815,-25.442668, ,21/09/2022,,trip,Atrip,13:50:46,,,1,597,37.12,59.7240,0.5100,,, , , , , , , , , , , , , , , , ,
A,-49.250726,-25.442798, ,21/09/2022,,trip,Atrip,13:50:47,,,1,598,38.62,62.1360,0.6700,,, , , , , , , , , , , , , , , , ,
A,-49.250635,-25.442929, ,21/09/2022,,trip,Atrip,13:50:48,,,1,599,38.51,61.9560,-0.0500,,, , , , , , , , , , , , , , , , ,
A,-49.250541,-25.443061, ,21/09/2022,,trip,Atrip,13:50:49,,,1,600,39.38,63.3600,0.3900,,, , , , , , , , , , , , , , , , ,
A,-49.250541,-25.443061, ,21/09/2022,,trip,Atrip,13:50:49,,,0,600,39.38,63.3600,0.3900,,, , , , , , , , , , , , , , , , ,
